;;"Czy jesteœ studentk¹/studentem.";"Czy jesteœ studentk¹/studentem. wartoœæ";"Na jakiej uczelni studiujesz?";"Na jakiej uczelni studiujesz? wartoœæ";"Jaki kierunek studiujesz?";"Jaki kierunek studiujesz? wartoœæ";"Ile masz lat?";"Ile masz lat? wartoœæ";"Rodzaj studiów";"Rodzaj studiów wartoœæ";"Na którym roku studiów jesteœ?";"Na którym roku studiów jesteœ? wartoœæ";P³eæ;"P³eæ wartoœæ";"Czy pracujesz?";"Czy pracujesz? wartoœæ";"Miejsce zamieszkania:";"Miejsce zamieszkania: wartoœæ";"Czy jesteœ singlem/singielk¹?";"Czy jesteœ singlem/singielk¹? wartoœæ";;"Czy uwa¿asz ¿e masz tendencje do przepracowywania siê?";"Jak czêsto odk³adasz zadania na póŸniej?";"Jak bardzo czujesz siê przyt³oczony nadmiarem obowi¹zków? ";"Czy uwa¿asz, ¿e iloœæ nauki jest powi¹zana z wynikami?";"Jak czêsto uwa¿asz, ¿e kwestionujesz swoje decyzje?";;"Czy uwa¿asz ¿e praca w grupie sprawia ci trudnoœæ?";"U jakiej czêœci twoich znajomych zauwa¿asz oznaki wypalenia? ";"Czy czujesz ¿e masz wsparcie w swoich znajomych ze studiów?";"Czy uwa¿asz ¿e masz wsparcie u rodziny i/lub swoich znajomych spoza studiów?";"Czy uwa¿asz ¿e masz dobre relacje z prowadz¹cymi? ";;"Jak czêsto czujesz siê zmêczony/a fizycznie?  ";"Jak czêsto czujesz siê emocjonalnie wyczerpany? ";"Czy odczuwasz przewlek³y stres? ";"Jak czêsto jesteœ aktywny fizycznie?";"Jak oceniasz jakoœæ swojego snu?";;"Czy rozwijasz swoje pasje poza-naukowo? ";"Jak du¿o czasu poœwiêcasz na naukê tygodniowo?";;"Jak oceniasz trudnoœæ twojego kierunku?";data
;;Tak;Tak;"Technicznej –Politechnika.";"Technicznej –Politechnika.";"Kierunki ekonomiczne";"Kierunki ekonomiczne";23;23;"Studia magisterskie";"Studia magisterskie";1;1;Kobieta;Kobieta;Nie;Nie;"Mieszkam sam/a ze wsparciem rodziców";"Mieszkam sam/a ze wsparciem rodziców";Tak;Tak;;4;5;3;3;2;;0;1;4;5;4;;3;2;3;3;4;;3;3;;3;"2025-02-12 09:49:15"
;;Tak;Tak;"Technicznej –Politechnika.";"Technicznej –Politechnika.";"Kierunki ekonomiczne";"Kierunki ekonomiczne";19;19;"Studia licencjackie";"Studia licencjackie";2;2;Mê¿czyzna;Mê¿czyzna;"Mniej ni¿ 20h tygodniowo";"Mniej ni¿ 20h tygodniowo";"Mieszkam z rodzicami";"Mieszkam z rodzicami";Nie;Nie;;5;3;2;4;4;;1;1;3;2;5;;0;1;4;5;4;;5;3;;2;"2025-02-12 09:59:06"
;;Tak;Tak;"Technicznej –Politechnika.";"Technicznej –Politechnika.";"Kierunki ekonomiczne";"Kierunki ekonomiczne";21;21;"Studia licencjackie";"Studia licencjackie";1;1;Mê¿czyzna;Mê¿czyzna;Nie;Nie;"Mieszkam sam/a ze wsparciem rodziców";"Mieszkam sam/a ze wsparciem rodziców";Tak;Tak;;3;5;5;5;4;;3;4;3;4;3;;4;3;5;4;4;;3;1;;2;"2025-02-12 10:00:15"
;;Tak;Tak;"Ekonomiczne ";"Ekonomiczne ";Ekonomiczny;Ekonomiczny;19;19;"Studia licencjackie";"Studia licencjackie";1;1;Kobieta;Kobieta;Nie;Nie;"Mieszkam sam/a ze wsparciem rodziców";"Mieszkam sam/a ze wsparciem rodziców";Nie;Nie;;2;3;4;0;2;;0;3;3;2;2;;3;4;4;1;3;;1;4;;4;"2025-02-12 10:02:59"
;;Tak;Tak;"Technicznej –Politechnika.";"Technicznej –Politechnika.";Inne;Inne;19;19;"Studia licencjackie";"Studia licencjackie";2;2;Mê¿czyzna;Mê¿czyzna;Nie;Nie;"Mieszkam z rodzicami";"Mieszkam z rodzicami";Tak;Tak;;2;5;4;3;4;;0;3;5;5;4;;4;3;5;3;2;;2;3;;3;"2025-02-12 10:07:59"
;;Tak;Tak;"Technicznej –Politechnika.";"Technicznej –Politechnika.";"Kierunki ekonomiczne";"Kierunki ekonomiczne";24;24;"Studia magisterskie";"Studia magisterskie";"5 lub wiêcej";"5 lub wiêcej";Kobieta;Kobieta;"Niepe³ny etat";"Niepe³ny etat";"Mieszkam sam/a ze wsparciem rodziców";"Mieszkam sam/a ze wsparciem rodziców";Nie;Nie;;4;4;5;1;5;;5;4;5;3;2;;4;4;4;1;3;;1;2;;3;"2025-02-12 10:10:09"
;;Tak;Tak;"Technicznej –Politechnika.";"Technicznej –Politechnika.";"Kierunki ekonomiczne";"Kierunki ekonomiczne";22;22;"Studia magisterskie";"Studia magisterskie";1;1;Kobieta;Kobieta;"Pe³en etat";"Pe³en etat";inne;inne;Nie;Nie;;3;5;5;4;4;;2;3;4;3;4;;4;4;4;1;3;;3;2;;2;"2025-02-12 10:11:53"
;;Tak;Tak;"Technicznej –Politechnika.";"Technicznej –Politechnika.";"Kierunki ekonomiczne";"Kierunki ekonomiczne";24;24;"Studia magisterskie";"Studia magisterskie";"5 lub wiêcej";"5 lub wiêcej";Kobieta;Kobieta;"Pe³en etat";"Pe³en etat";"Utrzymujê siê sam/a";"Utrzymujê siê sam/a";Nie;Nie;;5;4;5;2;3;;0;3;5;5;4;;4;4;3;2;2;;1;1;;3;"2025-02-12 10:12:26"
;;Tak;Tak;"Technicznej –Politechnika.";"Technicznej –Politechnika.";"Kierunki ekonomiczne";"Kierunki ekonomiczne";19;19;"Studia licencjackie";"Studia licencjackie";1;1;Kobieta;Kobieta;Nie;Nie;"Mieszkam sam/a ze wsparciem rodziców";"Mieszkam sam/a ze wsparciem rodziców";Tak;Tak;;2;2;2;2;3;;1;4;2;2;2;;3;4;3;2;2;;2;2;;2;"2025-02-12 10:12:50"
;;Tak;Tak;"Technicznej –Politechnika.";"Technicznej –Politechnika.";"Kierunki ekonomiczne";"Kierunki ekonomiczne";22;22;"Studia magisterskie";"Studia magisterskie";4;4;Kobieta;Kobieta;Nie;Nie;"Mieszkam z rodzicami";"Mieszkam z rodzicami";Nie;Nie;;3;1;1;4;2;;2;3;3;3;3;;3;1;2;2;3;;4;4;;3;"2025-02-12 10:15:32"
;;Tak;Tak;"Technicznej –Politechnika.";"Technicznej –Politechnika.";"Kierunki ekonomiczne";"Kierunki ekonomiczne";24;24;"Studia magisterskie";"Studia magisterskie";4;4;Mê¿czyzna;Mê¿czyzna;Nie;Nie;"Mieszkam z rodzicami";"Mieszkam z rodzicami";Nie;Nie;;1;4;4;5;1;;0;2;5;5;3;;2;1;1;4;2;;4;3;;2;"2025-02-12 10:21:01"
;;Tak;Tak;"Technicznej –Politechnika.";"Technicznej –Politechnika.";"Kierunki Techniczne inne";"Kierunki Techniczne inne";20;20;"Studia in¿ynierskie";"Studia in¿ynierskie";2;2;Kobieta;Kobieta;Nie;Nie;inne;inne;Nie;Nie;;2;3;2;4;0;;1;2;3;4;4;;3;3;3;3;4;;4;3;;3;"2025-02-12 10:21:27"
;;Tak;Tak;"Technicznej –Politechnika.";"Technicznej –Politechnika.";"Kierunki ekonomiczne";"Kierunki ekonomiczne";26;26;"Studia licencjackie";"Studia licencjackie";1;1;Mê¿czyzna;Mê¿czyzna;"Pe³en etat";"Pe³en etat";"Mieszkam z rodzicami";"Mieszkam z rodzicami";"To skomplikowane";"To skomplikowane";;4;4;4;4;4;;1;1;2;2;2;;5;2;1;5;0;;0;3;;2;"2025-02-12 10:27:41"
;;Tak;Tak;"Technicznej –Politechnika.";"Technicznej –Politechnika.";"Kierunki Techniczne inne";"Kierunki Techniczne inne";25;25;"Studia magisterskie";"Studia magisterskie";1;1;Kobieta;Kobieta;"Pe³en etat";"Pe³en etat";"Utrzymujê siê sam/a";"Utrzymujê siê sam/a";Nie;Nie;;5;2;4;4;5;;3;3;1;5;4;;4;4;3;1;4;;2;1;;4;"2025-02-12 10:41:53"
;;Tak;Tak;"Ekonomiczne ";"Ekonomiczne ";Informatyczny/Elektroniczny;Informatyczny/Elektroniczny;24;24;"Studia magisterskie";"Studia magisterskie";1;1;Mê¿czyzna;Mê¿czyzna;"Pe³en etat";"Pe³en etat";"Utrzymujê siê sam/a";"Utrzymujê siê sam/a";Nie;Nie;;5;2;5;0;3;;4;3;1;2;2;;4;4;2;3;2;;4;4;;4;"2025-02-12 10:43:15"
;;Tak;Tak;"Technicznej –Politechnika.";"Technicznej –Politechnika.";Inne;Inne;20;20;"Studia in¿ynierskie";"Studia in¿ynierskie";2;2;Kobieta;Kobieta;"Niepe³ny etat";"Niepe³ny etat";"Mieszkam sam/a ze wsparciem rodziców";"Mieszkam sam/a ze wsparciem rodziców";Nie;Nie;;4;2;5;3;5;;0;3;4;5;4;;3;4;5;2;2;;3;4;;4;"2025-02-12 10:45:34"
;;Tak;Tak;"Technicznej –Politechnika.";"Technicznej –Politechnika.";"Kierunki Techniczne inne";"Kierunki Techniczne inne";21;21;"Studia in¿ynierskie";"Studia in¿ynierskie";2;2;Kobieta;Kobieta;Nie;Nie;"Mieszkam sam/a ze wsparciem rodziców";"Mieszkam sam/a ze wsparciem rodziców";Tak;Tak;;3;4;3;4;4;;1;2;5;5;4;;3;4;2;4;4;;5;3;;3;"2025-02-12 10:54:33"
;;Tak;Tak;"Technicznej –Politechnika.";"Technicznej –Politechnika.";Ekonomiczny;Ekonomiczny;33;33;"Studia magisterskie";"Studia magisterskie";1;1;Kobieta;Kobieta;"Niepe³ny etat";"Niepe³ny etat";inne;inne;Nie;Nie;;4;3;5;5;4;;4;4;3;3;4;;5;5;5;4;2;;5;4;;4;"2025-02-12 10:56:40"
;;Tak;Tak;"Technicznej –Politechnika.";"Technicznej –Politechnika.";"Kierunki ekonomiczne";"Kierunki ekonomiczne";22;22;"Studia magisterskie";"Studia magisterskie";1;1;Kobieta;Kobieta;"Pe³en etat";"Pe³en etat";"Utrzymujê siê sam/a";"Utrzymujê siê sam/a";Nie;Nie;;3;1;4;3;4;;2;1;5;5;4;;3;3;3;3;4;;1;3;;3;"2025-02-12 11:07:18"
;;Tak;Tak;"Technicznej –Politechnika.";"Technicznej –Politechnika.";Ekonomiczny;Ekonomiczny;23;23;"Studia magisterskie";"Studia magisterskie";1;1;Mê¿czyzna;Mê¿czyzna;Nie;Nie;"Mieszkam z rodzicami";"Mieszkam z rodzicami";Tak;Tak;;4;3;4;5;5;;1;1;3;4;5;;4;3;1;0;2;;3;2;;0;"2025-02-12 11:13:04"
;;Tak;Tak;"Technicznej –Politechnika.";"Technicznej –Politechnika.";"Kierunki ekonomiczne";"Kierunki ekonomiczne";21;21;"Studia magisterskie";"Studia magisterskie";4;4;Mê¿czyzna;Mê¿czyzna;Nie;Nie;"Mieszkam z rodzicami";"Mieszkam z rodzicami";Tak;Tak;;1;1;3;3;4;;2;4;4;5;5;;1;4;2;3;5;;4;2;;3;"2025-02-12 12:21:07"
;;Tak;Tak;"Technicznej –Politechnika.";"Technicznej –Politechnika.";"Kierunki Techniczne inne";"Kierunki Techniczne inne";21;21;"Studia in¿ynierskie";"Studia in¿ynierskie";3;3;Kobieta;Kobieta;Nie;Nie;"Mieszkam z rodzicami";"Mieszkam z rodzicami";Tak;Tak;;5;3;3;3;4;;2;2;3;3;5;;3;3;2;5;2;;2;3;;2;"2025-02-12 12:24:08"
;;Tak;Tak;"Technicznej –Politechnika.";"Technicznej –Politechnika.";Informatyczny/Elektroniczny;Informatyczny/Elektroniczny;22;22;"Studia magisterskie";"Studia magisterskie";1;1;Kobieta;Kobieta;"Pe³en etat";"Pe³en etat";"Mieszkam sam/a ze wsparciem rodziców";"Mieszkam sam/a ze wsparciem rodziców";Nie;Nie;;4;2;5;1;5;;1;4;1;5;4;;4;4;;5;4;;1;3;;5;"2025-02-12 12:35:50"
;;Tak;Tak;"Technicznej –Politechnika.";"Technicznej –Politechnika.";Ekonomiczny;Ekonomiczny;19;19;"Studia licencjackie";"Studia licencjackie";1;1;Kobieta;Kobieta;Nie;Nie;"Mieszkam sam/a ze wsparciem rodziców";"Mieszkam sam/a ze wsparciem rodziców";Nie;Nie;;0;5;5;3;5;;1;2;1;3;1;;4;4;4;1;1;;1;2;;4;"2025-02-12 12:58:46"
;;Tak;Tak;"Technicznej –Politechnika.";"Technicznej –Politechnika.";Informatyczny/Elektroniczny;Informatyczny/Elektroniczny;19;19;"Studia in¿ynierskie";"Studia in¿ynierskie";2;2;Kobieta;Kobieta;"Mniej ni¿ 20h tygodniowo";"Mniej ni¿ 20h tygodniowo";"Mieszkam z rodzicami";"Mieszkam z rodzicami";Nie;Nie;;3;4;5;3;4;;1;4;3;2;2;;5;5;5;2;2;;4;3;;5;"2025-02-12 13:16:31"
;;Tak;Tak;"Technicznej –Politechnika.";"Technicznej –Politechnika.";"Kierunki ekonomiczne";"Kierunki ekonomiczne";"35 i wiêcej";"35 i wiêcej";"Studia magisterskie";"Studia magisterskie";1;1;Mê¿czyzna;Mê¿czyzna;"Pe³en etat";"Pe³en etat";"Utrzymujê siê sam/a";"Utrzymujê siê sam/a";Tak;Tak;;0;0;0;5;0;;0;4;0;5;4;;0;0;0;5;2;;5;5;;0;"2025-02-12 13:51:55"
;;Tak;Tak;"Technicznej –Politechnika.";"Technicznej –Politechnika.";Ekonomiczny;Ekonomiczny;23;23;"Studia magisterskie";"Studia magisterskie";"5 lub wiêcej";"5 lub wiêcej";Mê¿czyzna;Mê¿czyzna;Nie;Nie;"Mieszkam sam/a ze wsparciem rodziców";"Mieszkam sam/a ze wsparciem rodziców";Nie;Nie;;3;4;4;2;3;;4;3;2;3;3;;3;4;4;3;4;;2;2;;3;"2025-02-12 14:02:40"
;;Tak;Tak;"Technicznej –Politechnika.";"Technicznej –Politechnika.";Inne;Inne;20;20;"Studia in¿ynierskie";"Studia in¿ynierskie";2;2;Kobieta;Kobieta;Nie;Nie;"Mieszkam z rodzicami";"Mieszkam z rodzicami";Nie;Nie;;4;2;4;2;3;;3;3;5;5;3;;4;4;4;0;1;;5;3;;3;"2025-02-12 14:23:55"
;;Tak;Tak;"Technicznej –Politechnika.";"Technicznej –Politechnika.";Ekonomiczny;Ekonomiczny;19;19;"Studia licencjackie";"Studia licencjackie";1;1;Kobieta;Kobieta;Nie;Nie;"Mieszkam sam/a ze wsparciem rodziców";"Mieszkam sam/a ze wsparciem rodziców";Nie;Nie;;1;0;3;3;5;;4;4;2;4;2;;4;2;3;0;4;;1;2;;4;"2025-02-12 14:34:29"
;;Tak;Tak;"Technicznej –Politechnika.";"Technicznej –Politechnika.";"Kierunki Techniczne inne";"Kierunki Techniczne inne";20;20;"Studia in¿ynierskie";"Studia in¿ynierskie";2;2;Mê¿czyzna;Mê¿czyzna;Nie;Nie;"Mieszkam sam/a ze wsparciem rodziców";"Mieszkam sam/a ze wsparciem rodziców";Nie;Nie;;1;4;3;3;1;;2;4;1;1;1;;4;2;2;2;2;;1;1;;3;"2025-02-12 14:38:34"
;;Tak;Tak;"Ekonomiczne ";"Ekonomiczne ";"Kierunki ekonomiczne";"Kierunki ekonomiczne";20;20;"Studia in¿ynierskie";"Studia in¿ynierskie";1;1;Kobieta;Kobieta;"Niepe³ny etat";"Niepe³ny etat";"Mieszkam z rodzicami";"Mieszkam z rodzicami";Nie;Nie;;3;3;5;0;2;;0;4;1;3;1;;5;4;5;3;2;;1;4;;4;"2025-02-12 15:01:05"
;;Tak;Tak;"Technicznej –Politechnika.";"Technicznej –Politechnika.";Ekonomiczny;Ekonomiczny;19;19;"Studia licencjackie";"Studia licencjackie";1;1;Kobieta;Kobieta;Nie;Nie;"Mieszkam z rodzicami";"Mieszkam z rodzicami";Tak;Tak;;4;2;3;1;4;;2;4;3;4;2;;4;4;5;3;3;;2;3;;3;"2025-02-12 15:03:03"
;;Tak;Tak;"Technicznej –Politechnika.";"Technicznej –Politechnika.";"Kierunki ekonomiczne";"Kierunki ekonomiczne";19;19;"Studia licencjackie";"Studia licencjackie";1;1;Mê¿czyzna;Mê¿czyzna;"Mniej ni¿ 20h tygodniowo";"Mniej ni¿ 20h tygodniowo";"Mieszkam z rodzicami";"Mieszkam z rodzicami";Tak;Tak;;1;2;0;5;1;;2;3;3;3;4;;1;1;1;4;5;;2;2;;0;"2025-02-12 15:10:39"
;;Tak;Tak;"Technicznej –Politechnika.";"Technicznej –Politechnika.";"Kierunki ekonomiczne";"Kierunki ekonomiczne";19;19;"Studia licencjackie";"Studia licencjackie";1;1;Kobieta;Kobieta;Nie;Nie;"Mieszkam z rodzicami";"Mieszkam z rodzicami";Tak;Tak;;2;3;4;4;4;;1;3;5;4;3;;1;5;5;5;2;;3;5;;3;"2025-02-12 15:14:22"
;;Tak;Tak;"Technicznej –Politechnika.";"Technicznej –Politechnika.";Ekonomiczny;Ekonomiczny;22;22;"Studia magisterskie";"Studia magisterskie";1;1;Kobieta;Kobieta;Nie;Nie;"Mieszkam z rodzicami";"Mieszkam z rodzicami";Tak;Tak;;4;5;4;4;5;;1;3;4;4;4;;2;4;5;0;2;;0;2;;3;"2025-02-12 15:20:04"
;;Tak;Tak;"Technicznej –Politechnika.";"Technicznej –Politechnika.";Ekonomiczny;Ekonomiczny;19;19;"Studia licencjackie";"Studia licencjackie";1;1;Kobieta;Kobieta;Nie;Nie;"Mieszkam sam/a ze wsparciem rodziców";"Mieszkam sam/a ze wsparciem rodziców";Nie;Nie;;2;1;5;0;5;;2;0;3;5;2;;4;5;5;1;2;;0;4;;3;"2025-02-12 15:21:47"
;;Tak;Tak;"Technicznej –Politechnika.";"Technicznej –Politechnika.";Ekonomiczny;Ekonomiczny;18;18;"Studia licencjackie";"Studia licencjackie";1;1;Mê¿czyzna;Mê¿czyzna;"Mniej ni¿ 20h tygodniowo";"Mniej ni¿ 20h tygodniowo";"Mieszkam sam/a ze wsparciem rodziców";"Mieszkam sam/a ze wsparciem rodziców";Nie;Nie;;1;5;3;3;3;;1;3;2;3;2;;5;5;5;2;1;;4;1;;3;"2025-02-12 15:38:53"
;;Tak;Tak;"Ekonomiczne ";"Ekonomiczne ";Ekonomiczny;Ekonomiczny;20;20;"Studia licencjackie";"Studia licencjackie";1;1;Mê¿czyzna;Mê¿czyzna;"Niepe³ny etat";"Niepe³ny etat";"Utrzymujê siê sam/a";"Utrzymujê siê sam/a";Tak;Tak;;5;5;4;5;3;;1;5;4;3;2;;5;5;5;2;0;;4;4;;3;"2025-02-12 15:49:39"
;;Tak;Tak;"Technicznej –Politechnika.";"Technicznej –Politechnika.";Ekonomiczny;Ekonomiczny;19;19;"Studia licencjackie";"Studia licencjackie";1;1;Kobieta;Kobieta;"Mniej ni¿ 20h tygodniowo";"Mniej ni¿ 20h tygodniowo";"Mieszkam z rodzicami";"Mieszkam z rodzicami";Nie;Nie;;3;1;4;2;5;;1;3;0;4;3;;2;4;4;4;3;;4;4;;2;"2025-02-12 15:51:08"
;;Tak;Tak;"Technicznej –Politechnika.";"Technicznej –Politechnika.";Ekonomiczny;Ekonomiczny;28;28;"Studia magisterskie";"Studia magisterskie";1;1;Kobieta;Kobieta;Nie;Nie;"Mieszkam z rodzicami";"Mieszkam z rodzicami";Tak;Tak;;5;4;5;3;5;;2;4;3;4;3;;5;5;5;4;3;;3;4;;4;"2025-02-12 16:23:17"
;;Tak;Tak;"Technicznej –Politechnika.";"Technicznej –Politechnika.";"Kierunki ekonomiczne";"Kierunki ekonomiczne";22;22;"Studia magisterskie";"Studia magisterskie";1;1;Kobieta;Kobieta;"Pe³en etat";"Pe³en etat";"Mieszkam z rodzicami";"Mieszkam z rodzicami";Tak;Tak;;4;3;5;1;3;;3;3;4;5;4;;4;4;4;3;2;;1;4;;4;"2025-02-12 16:32:49"
;;Tak;Tak;"Technicznej –Politechnika.";"Technicznej –Politechnika.";"Kierunki ekonomiczne";"Kierunki ekonomiczne";21;21;"Studia licencjackie";"Studia licencjackie";1;1;Mê¿czyzna;Mê¿czyzna;Nie;Nie;"Mieszkam z rodzicami";"Mieszkam z rodzicami";Tak;Tak;;4;3;4;5;4;;4;4;5;5;3;;3;4;4;2;1;;4;4;;4;"2025-02-12 17:22:01"
;;Tak;Tak;"Technicznej –Politechnika.";"Technicznej –Politechnika.";"Kierunki Techniczne inne";"Kierunki Techniczne inne";19;19;"Studia in¿ynierskie";"Studia in¿ynierskie";1;1;Kobieta;Kobieta;Nie;Nie;"Mieszkam z rodzicami";"Mieszkam z rodzicami";Nie;Nie;;2;5;3;0;4;;0;3;;3;1;;5;5;5;2;2;;0;3;;3;"2025-02-12 17:58:35"
;;Tak;Tak;"Technicznej –Politechnika.";"Technicznej –Politechnika.";"Kierunki ekonomiczne";"Kierunki ekonomiczne";24;24;"Studia magisterskie";"Studia magisterskie";2;2;Mê¿czyzna;Mê¿czyzna;"Niepe³ny etat";"Niepe³ny etat";"Mieszkam sam/a ze wsparciem rodziców";"Mieszkam sam/a ze wsparciem rodziców";Nie;Nie;;3;2;3;1;1;;0;4;3;3;4;;2;4;1;4;4;;2;2;;2;"2025-02-12 18:51:29"
;;Tak;Tak;"Technicznej –Politechnika.";"Technicznej –Politechnika.";"Kierunki ekonomiczne";"Kierunki ekonomiczne";26;26;"Studia magisterskie";"Studia magisterskie";1;1;Mê¿czyzna;Mê¿czyzna;"Pe³en etat";"Pe³en etat";"Utrzymujê siê sam/a";"Utrzymujê siê sam/a";Nie;Nie;;3;3;4;1;4;;2;0;3;1;4;;4;2;4;3;3;;0;4;;0;"2025-02-12 19:16:45"
;;Tak;Tak;"Technicznej –Politechnika.";"Technicznej –Politechnika.";"Kierunki ekonomiczne";"Kierunki ekonomiczne";"35 i wiêcej";"35 i wiêcej";"Studia magisterskie";"Studia magisterskie";4;4;Mê¿czyzna;Mê¿czyzna;"Pe³en etat";"Pe³en etat";"Utrzymujê siê sam/a";"Utrzymujê siê sam/a";Nie;Nie;;0;4;5;5;0;;0;3;5;5;5;;2;1;1;5;4;;5;2;;3;"2025-02-12 19:32:20"
;;Tak;Tak;"Technicznej –Politechnika.";"Technicznej –Politechnika.";"Kierunki Techniczne inne";"Kierunki Techniczne inne";22;22;"Studia in¿ynierskie";"Studia in¿ynierskie";2;2;Kobieta;Kobieta;Nie;Nie;"Utrzymujê siê sam/a";"Utrzymujê siê sam/a";Tak;Tak;;4;4;4;3;3;;0;3;2;5;3;;4;5;4;3;3;;2;3;;3;"2025-02-12 19:53:27"
;;Tak;Tak;"Technicznej –Politechnika.";"Technicznej –Politechnika.";"Kierunki ekonomiczne";"Kierunki ekonomiczne";23;23;"Studia magisterskie";"Studia magisterskie";"5 lub wiêcej";"5 lub wiêcej";Mê¿czyzna;Mê¿czyzna;"Niepe³ny etat";"Niepe³ny etat";"Mieszkam z rodzicami";"Mieszkam z rodzicami";Nie;Nie;;4;2;3;4;3;;2;3;;4;4;;1;4;4;5;4;;5;1;;3;"2025-02-12 20:38:31"
;;Tak;Tak;"Technicznej –Politechnika.";"Technicznej –Politechnika.";"Kierunki ekonomiczne";"Kierunki ekonomiczne";19;19;"Studia licencjackie";"Studia licencjackie";1;1;Kobieta;Kobieta;Nie;Nie;"Mieszkam z rodzicami";"Mieszkam z rodzicami";Tak;Tak;;4;4;3;4;2;;2;4;5;3;4;;4;3;3;5;4;;5;3;;2;"2025-02-12 20:52:44"
;;Tak;Tak;"Technicznej –Politechnika.";"Technicznej –Politechnika.";"Kierunki ekonomiczne";"Kierunki ekonomiczne";22;22;"Studia magisterskie";"Studia magisterskie";1;1;Kobieta;Kobieta;"Pe³en etat";"Pe³en etat";"Utrzymujê siê sam/a";"Utrzymujê siê sam/a";Nie;Nie;;3;2;5;1;2;;1;3;3;3;3;;4;4;4;1;5;;2;3;;3;"2025-02-12 21:22:19"
;;Tak;Tak;"Technicznej –Politechnika.";"Technicznej –Politechnika.";"Kierunki ekonomiczne";"Kierunki ekonomiczne";19;19;"Studia licencjackie";"Studia licencjackie";1;1;Mê¿czyzna;Mê¿czyzna;"Mniej ni¿ 20h tygodniowo";"Mniej ni¿ 20h tygodniowo";"Mieszkam z rodzicami";"Mieszkam z rodzicami";"To skomplikowane";"To skomplikowane";;4;4;4;5;4;;5;3;0;0;0;;4;3;4;3;0;;0;3;;2;"2025-02-13 06:52:40"
;;Tak;Tak;"Technicznej –Politechnika.";"Technicznej –Politechnika.";Ekonomiczny;Ekonomiczny;20;20;"Studia in¿ynierskie";"Studia in¿ynierskie";1;1;Kobieta;Kobieta;Nie;Nie;"Mieszkam sam/a ze wsparciem rodziców";"Mieszkam sam/a ze wsparciem rodziców";Nie;Nie;;2;4;5;5;3;;3;1;5;5;3;;4;4;4;1;3;;0;2;;3;"2025-02-13 11:26:58"
;;Tak;Tak;"Technicznej –Politechnika.";"Technicznej –Politechnika.";"Kierunki Techniczne inne";"Kierunki Techniczne inne";20;20;"Studia in¿ynierskie";"Studia in¿ynierskie";1;1;Mê¿czyzna;Mê¿czyzna;"Mniej ni¿ 20h tygodniowo";"Mniej ni¿ 20h tygodniowo";"Mieszkam sam/a ze wsparciem rodziców";"Mieszkam sam/a ze wsparciem rodziców";"To skomplikowane";"To skomplikowane";;3;3;2;4;1;;2;4;4;4;4;;4;4;4;5;3;;4;3;;3;"2025-02-13 12:19:58"
;;Tak;Tak;"Technicznej –Politechnika.";"Technicznej –Politechnika.";"Kierunki ekonomiczne";"Kierunki ekonomiczne";18;18;"Studia in¿ynierskie";"Studia in¿ynierskie";1;1;Kobieta;Kobieta;"Mniej ni¿ 20h tygodniowo";"Mniej ni¿ 20h tygodniowo";"Mieszkam z rodzicami";"Mieszkam z rodzicami";Nie;Nie;;3;3;2;4;4;;4;3;4;4;3;;3;3;3;3;4;;2;2;;1;"2025-02-13 13:17:04"
;;Tak;Tak;"Technicznej –Politechnika.";"Technicznej –Politechnika.";"Kierunki ekonomiczne";"Kierunki ekonomiczne";20;20;"Studia in¿ynierskie";"Studia in¿ynierskie";1;1;Kobieta;Kobieta;"Niepe³ny etat";"Niepe³ny etat";"Mieszkam z rodzicami";"Mieszkam z rodzicami";Nie;Nie;;2;2;4;1;2;;0;3;2;2;2;;4;4;5;4;3;;1;3;;3;"2025-02-13 13:17:42"
;;Tak;Tak;"Technicznej –Politechnika.";"Technicznej –Politechnika.";Ekonomiczny;Ekonomiczny;19;19;"Studia in¿ynierskie";"Studia in¿ynierskie";1;1;Kobieta;Kobieta;"Niepe³ny etat";"Niepe³ny etat";"Mieszkam sam/a ze wsparciem rodziców";"Mieszkam sam/a ze wsparciem rodziców";Tak;Tak;;4;3;2;4;2;;0;1;2;5;3;;1;1;1;4;4;;5;3;;4;"2025-02-13 13:50:00"
;;Tak;Tak;"Technicznej –Politechnika.";"Technicznej –Politechnika.";"Kierunki ekonomiczne";"Kierunki ekonomiczne";20;20;"Studia in¿ynierskie";"Studia in¿ynierskie";1;1;Kobieta;Kobieta;Nie;Nie;"Mieszkam sam/a ze wsparciem rodziców";"Mieszkam sam/a ze wsparciem rodziców";Tak;Tak;;0;4;4;2;3;;0;4;3;4;4;;2;1;1;3;4;;4;3;;3;"2025-02-13 14:04:34"
;;Tak;Tak;"Technicznej –Politechnika.";"Technicznej –Politechnika.";"Kierunki ekonomiczne";"Kierunki ekonomiczne";24;24;"Studia magisterskie";"Studia magisterskie";1;1;Kobieta;Kobieta;"Pe³en etat";"Pe³en etat";"Mieszkam z rodzicami";"Mieszkam z rodzicami";Nie;Nie;;3;4;1;4;3;;0;1;5;3;5;;3;2;0;2;4;;3;0;;2;"2025-02-13 14:20:47"
;;Tak;Tak;"Technicznej –Politechnika.";"Technicznej –Politechnika.";Ekonomiczny;Ekonomiczny;20;20;"Studia in¿ynierskie";"Studia in¿ynierskie";1;1;Mê¿czyzna;Mê¿czyzna;Nie;Nie;"Mieszkam sam/a ze wsparciem rodziców";"Mieszkam sam/a ze wsparciem rodziców";Tak;Tak;;3;2;1;4;1;;0;1;5;5;4;;2;1;0;2;4;;3;1;;2;"2025-02-13 15:31:07"
;;Tak;Tak;"Ekonomiczne ";"Ekonomiczne ";"Kierunki ekonomiczne";"Kierunki ekonomiczne";19;19;"Studia in¿ynierskie";"Studia in¿ynierskie";1;1;Kobieta;Kobieta;"Mniej ni¿ 20h tygodniowo";"Mniej ni¿ 20h tygodniowo";"Mieszkam z rodzicami";"Mieszkam z rodzicami";Tak;Tak;;5;3;4;4;4;;2;3;4;5;5;;4;2;5;1;3;;5;3;;3;"2025-02-13 16:04:08"
;;Tak;Tak;"Technicznej –Politechnika.";"Technicznej –Politechnika.";Inne;Inne;25;25;"Studia magisterskie";"Studia magisterskie";2;2;Kobieta;Kobieta;"Pe³en etat";"Pe³en etat";"Utrzymujê siê sam/a";"Utrzymujê siê sam/a";"To skomplikowane";"To skomplikowane";;3;4;5;2;1;;1;3;1;1;4;;5;4;2;3;3;;3;1;;3;"2025-02-13 16:38:40"
;;Tak;Tak;"Technicznej –Politechnika.";"Technicznej –Politechnika.";Ekonomiczny;Ekonomiczny;19;19;"Studia licencjackie";"Studia licencjackie";1;1;Kobieta;Kobieta;Nie;Nie;"Mieszkam sam/a ze wsparciem rodziców";"Mieszkam sam/a ze wsparciem rodziców";Nie;Nie;;2;2;4;2;2;;2;3;3;3;2;;4;4;5;2;3;;1;3;;4;"2025-02-13 17:10:13"
;;Tak;Tak;"Technicznej –Politechnika.";"Technicznej –Politechnika.";"Kierunki ekonomiczne";"Kierunki ekonomiczne";23;23;"Studia in¿ynierskie";"Studia in¿ynierskie";1;1;Mê¿czyzna;Mê¿czyzna;Nie;Nie;"Mieszkam sam/a ze wsparciem rodziców";"Mieszkam sam/a ze wsparciem rodziców";Nie;Nie;;1;4;2;2;3;;1;4;1;5;4;;1;4;4;1;0;;1;2;;0;"2025-02-13 18:18:26"
;;Tak;Tak;"Technicznej –Politechnika.";"Technicznej –Politechnika.";Informatyczny/Elektroniczny;Informatyczny/Elektroniczny;21;21;"Studia in¿ynierskie";"Studia in¿ynierskie";2;2;Mê¿czyzna;Mê¿czyzna;"Mniej ni¿ 20h tygodniowo";"Mniej ni¿ 20h tygodniowo";"Mieszkam sam/a ze wsparciem rodziców";"Mieszkam sam/a ze wsparciem rodziców";Tak;Tak;;5;0;5;3;3;;2;2;3;3;3;;4;4;3;4;2;;4;5;;4;"2025-02-13 20:08:05"
;;Tak;Tak;"Technicznej –Politechnika.";"Technicznej –Politechnika.";"Kierunki Techniczne inne";"Kierunki Techniczne inne";22;22;"Studia in¿ynierskie";"Studia in¿ynierskie";2;2;Kobieta;Kobieta;"Niepe³ny etat";"Niepe³ny etat";"Mieszkam sam/a ze wsparciem rodziców";"Mieszkam sam/a ze wsparciem rodziców";Nie;Nie;;0;0;;;;;5;4;2;1;0;;5;5;5;1;0;;2;2;;2;"2025-02-13 21:01:07"
;;Tak;Tak;"Technicznej –Politechnika.";"Technicznej –Politechnika.";"Kierunki ekonomiczne";"Kierunki ekonomiczne";23;23;"Studia magisterskie";"Studia magisterskie";4;4;Kobieta;Kobieta;"Niepe³ny etat";"Niepe³ny etat";"Mieszkam sam/a ze wsparciem rodziców";"Mieszkam sam/a ze wsparciem rodziców";Tak;Tak;;5;2;3;4;3;;0;2;4;5;3;;3;3;2;2;3;;2;2;;2;"2025-02-14 13:51:38"
;;Tak;Tak;"Technicznej –Politechnika.";"Technicznej –Politechnika.";Ekonomiczny;Ekonomiczny;26;26;"Studia magisterskie";"Studia magisterskie";1;1;Kobieta;Kobieta;"Niepe³ny etat";"Niepe³ny etat";"Mieszkam sam/a ze wsparciem rodziców";"Mieszkam sam/a ze wsparciem rodziców";Tak;Tak;;5;1;5;0;2;;0;3;2;5;5;;5;4;4;0;2;;0;3;;3;"2025-02-14 16:47:19"
;;Tak;Tak;"Technicznej –Politechnika.";"Technicznej –Politechnika.";"Kierunki ekonomiczne";"Kierunki ekonomiczne";19;19;"Studia in¿ynierskie";"Studia in¿ynierskie";1;1;Mê¿czyzna;Mê¿czyzna;"Niepe³ny etat";"Niepe³ny etat";"Mieszkam z rodzicami";"Mieszkam z rodzicami";Nie;Nie;;5;5;4;5;5;;5;2;5;5;4;;5;5;3;2;3;;1;0;;3;"2025-02-15 09:06:27"
;;Tak;Tak;"Technicznej –Politechnika.";"Technicznej –Politechnika.";"Kierunki ekonomiczne";"Kierunki ekonomiczne";18;18;"Studia licencjackie";"Studia licencjackie";1;1;Mê¿czyzna;Mê¿czyzna;Nie;Nie;"Mieszkam z rodzicami";"Mieszkam z rodzicami";Tak;Tak;;2;4;4;4;5;;4;1;4;5;4;;3;4;4;2;4;;5;3;;3;"2025-02-15 15:48:32"
;;Tak;Tak;"Technicznej –Politechnika.";"Technicznej –Politechnika.";Informatyczny/Elektroniczny;Informatyczny/Elektroniczny;23;23;"Studia magisterskie";"Studia magisterskie";1;1;Kobieta;Kobieta;"Pe³en etat";"Pe³en etat";"Mieszkam sam/a ze wsparciem rodziców";"Mieszkam sam/a ze wsparciem rodziców";Nie;Nie;;5;2;5;1;3;;0;3;4;5;4;;4;4;5;2;4;;4;3;;4;"2025-02-16 20:39:22"
;;Tak;Tak;"Technicznej –Politechnika.";"Technicznej –Politechnika.";Informatyczny/Elektroniczny;Informatyczny/Elektroniczny;21;21;"Studia in¿ynierskie";"Studia in¿ynierskie";3;3;Mê¿czyzna;Mê¿czyzna;Nie;Nie;"Mieszkam z rodzicami";"Mieszkam z rodzicami";Tak;Tak;;0;4;3;3;4;;0;3;3;2;1;;4;4;4;4;2;;3;1;;2;"2025-02-17 09:08:16"
;;Tak;Tak;"Technicznej –Politechnika.";"Technicznej –Politechnika.";Informatyczny/Elektroniczny;Informatyczny/Elektroniczny;20;20;"Studia in¿ynierskie";"Studia in¿ynierskie";2;2;Kobieta;Kobieta;Nie;Nie;"Mieszkam z rodzicami";"Mieszkam z rodzicami";Nie;Nie;;5;3;4;1;1;;1;2;5;5;3;;2;2;2;3;4;;5;3;;5;"2025-02-17 09:09:24"
;;Tak;Tak;"Technicznej –Politechnika.";"Technicznej –Politechnika.";Informatyczny/Elektroniczny;Informatyczny/Elektroniczny;19;19;"Studia in¿ynierskie";"Studia in¿ynierskie";2;2;Kobieta;Kobieta;Nie;Nie;"Mieszkam z rodzicami";"Mieszkam z rodzicami";Tak;Tak;;4;4;3;4;4;;2;2;5;5;3;;5;4;2;2;3;;4;2;;4;"2025-02-17 09:10:03"
;;Tak;Tak;"Technicznej –Politechnika.";"Technicznej –Politechnika.";Informatyczny/Elektroniczny;Informatyczny/Elektroniczny;23;23;"Studia in¿ynierskie";"Studia in¿ynierskie";3;3;Mê¿czyzna;Mê¿czyzna;"Niepe³ny etat";"Niepe³ny etat";"Mieszkam sam/a ze wsparciem rodziców";"Mieszkam sam/a ze wsparciem rodziców";Nie;Nie;;4;5;5;1;4;;2;3;4;4;4;;2;4;3;4;1;;4;2;;4;"2025-02-17 09:15:24"
;;Tak;Tak;"Humanistycznej – Uniwersytet";"Humanistycznej – Uniwersytet";"Kierunki spo³eczne";"Kierunki spo³eczne";24;24;"Studia magisterskie";"Studia magisterskie";1;1;Kobieta;Kobieta;"Niepe³ny etat";"Niepe³ny etat";"Utrzymujê siê sam/a";"Utrzymujê siê sam/a";Nie;Nie;;5;2;5;0;2;;0;2;0;5;4;;5;3;4;2;1;;5;1;;2;"2025-02-17 09:17:55"
;;Tak;Tak;"Medycznej (np. Gumed)";"Medycznej (np. Gumed)";"Kierunki medyczne";"Kierunki medyczne";21;21;Inne;Inne;3;3;Kobieta;Kobieta;"Pe³en etat";"Pe³en etat";"Mieszkam sam/a ze wsparciem rodziców";"Mieszkam sam/a ze wsparciem rodziców";Tak;Tak;;3;4;3;2;3;;0;4;4;3;2;;4;4;2;4;1;;2;4;;4;"2025-02-17 09:22:23"
;;Tak;Tak;"Humanistycznej – Uniwersytet";"Humanistycznej – Uniwersytet";"Kierunki prawnicze";"Kierunki prawnicze";21;21;"Studia magisterskie";"Studia magisterskie";3;3;Kobieta;Kobieta;Nie;Nie;"Mieszkam z rodzicami";"Mieszkam z rodzicami";Nie;Nie;;3;4;5;5;3;;0;3;4;5;5;;4;4;4;1;3;;1;3;;4;"2025-02-17 09:35:00"
;;Tak;Tak;"Technicznej –Politechnika.";"Technicznej –Politechnika.";Informatyczny/Elektroniczny;Informatyczny/Elektroniczny;21;21;"Studia in¿ynierskie";"Studia in¿ynierskie";3;3;Mê¿czyzna;Mê¿czyzna;"Niepe³ny etat";"Niepe³ny etat";"Mieszkam z rodzicami";"Mieszkam z rodzicami";Nie;Nie;;5;3;4;0;4;;2;3;1;0;1;;4;4;1;2;2;;0;3;;4;"2025-02-17 10:19:49"
;;Tak;Tak;"Humanistycznej – Uniwersytet";"Humanistycznej – Uniwersytet";"Kierunki spo³eczne";"Kierunki spo³eczne";20;20;"Studia magisterskie";"Studia magisterskie";2;2;Kobieta;Kobieta;"Mniej ni¿ 20h tygodniowo";"Mniej ni¿ 20h tygodniowo";"Mieszkam z rodzicami";"Mieszkam z rodzicami";Nie;Nie;;0;4;1;4;1;;0;3;4;4;3;;4;1;2;1;5;;1;1;;1;"2025-02-17 10:25:31"
;;Tak;Tak;"Humanistycznej – Uniwersytet";"Humanistycznej – Uniwersytet";"Kierunki spo³eczne";"Kierunki spo³eczne";21;21;"Studia magisterskie";"Studia magisterskie";2;2;Kobieta;Kobieta;"Mniej ni¿ 20h tygodniowo";"Mniej ni¿ 20h tygodniowo";"Mieszkam z rodzicami";"Mieszkam z rodzicami";Nie;Nie;;5;2;4;4;3;;0;2;0;5;4;;3;4;4;4;5;;3;4;;4;"2025-02-17 10:33:16"
;;Tak;Tak;"Humanistycznej – Uniwersytet";"Humanistycznej – Uniwersytet";"Kierunki spo³eczne";"Kierunki spo³eczne";20;20;"Studia magisterskie";"Studia magisterskie";2;2;Kobieta;Kobieta;"Mniej ni¿ 20h tygodniowo";"Mniej ni¿ 20h tygodniowo";"Mieszkam sam/a ze wsparciem rodziców";"Mieszkam sam/a ze wsparciem rodziców";Nie;Nie;;4;2;5;5;2;;1;2;4;5;4;;3;4;4;2;4;;2;4;;4;"2025-02-17 10:33:27"
;;Tak;Tak;"Humanistycznej – Uniwersytet";"Humanistycznej – Uniwersytet";"Kierunki spo³eczne";"Kierunki spo³eczne";19;19;"Studia magisterskie";"Studia magisterskie";2;2;Kobieta;Kobieta;Nie;Nie;"Mieszkam sam/a ze wsparciem rodziców";"Mieszkam sam/a ze wsparciem rodziców";Tak;Tak;;4;5;5;3;5;;3;3;4;5;3;;4;3;5;2;3;;3;2;;3;"2025-02-17 10:38:52"
;;Tak;Tak;"Humanistycznej – Uniwersytet";"Humanistycznej – Uniwersytet";"Kierunki spo³eczne";"Kierunki spo³eczne";19;19;"Studia magisterskie";"Studia magisterskie";2;2;Kobieta;Kobieta;"Niepe³ny etat";"Niepe³ny etat";"Mieszkam z rodzicami";"Mieszkam z rodzicami";Tak;Tak;;4;3;4;4;1;;1;4;4;4;5;;3;3;2;3;3;;2;3;;3;"2025-02-17 10:49:20"
;;Tak;Tak;"Humanistycznej – Uniwersytet";"Humanistycznej – Uniwersytet";"Kierunki spo³eczne";"Kierunki spo³eczne";20;20;"Studia magisterskie";"Studia magisterskie";2;2;Kobieta;Kobieta;"Mniej ni¿ 20h tygodniowo";"Mniej ni¿ 20h tygodniowo";"Mieszkam sam/a ze wsparciem rodziców";"Mieszkam sam/a ze wsparciem rodziców";Nie;Nie;;5;3;4;4;2;;1;3;4;4;4;;3;4;4;2;4;;2;4;;4;"2025-02-17 11:15:33"
;;Tak;Tak;"Medycznej (np. Gumed)";"Medycznej (np. Gumed)";"Kierunki medyczne";"Kierunki medyczne";20;20;"Studia licencjackie";"Studia licencjackie";2;2;Kobieta;Kobieta;"Niepe³ny etat";"Niepe³ny etat";"Mieszkam z rodzicami";"Mieszkam z rodzicami";Tak;Tak;;1;3;3;5;2;;2;1;4;5;4;;5;4;5;2;3;;3;5;;4;"2025-02-17 11:20:19"
;;Tak;Tak;"Humanistycznej – Uniwersytet";"Humanistycznej – Uniwersytet";"Kierunki humanistyczne";"Kierunki humanistyczne";19;19;"Studia magisterskie";"Studia magisterskie";2;2;Kobieta;Kobieta;Nie;Nie;"Mieszkam sam/a ze wsparciem rodziców";"Mieszkam sam/a ze wsparciem rodziców";Tak;Tak;;5;4;1;3;2;;0;3;4;3;2;;4;4;3;2;3;;1;2;;3;"2025-02-17 11:22:53"
;;Tak;Tak;"Humanistycznej – Uniwersytet";"Humanistycznej – Uniwersytet";"Kierunki prawnicze";"Kierunki prawnicze";22;22;"Studia magisterskie";"Studia magisterskie";3;3;Kobieta;Kobieta;"Mniej ni¿ 20h tygodniowo";"Mniej ni¿ 20h tygodniowo";"Mieszkam sam/a ze wsparciem rodziców";"Mieszkam sam/a ze wsparciem rodziców";Nie;Nie;;2;4;3;1;2;;0;4;2;2;2;;5;4;4;1;3;;2;2;;4;"2025-02-17 11:29:03"
;;Tak;Tak;"Technicznej –Politechnika.";"Technicznej –Politechnika.";Informatyczny/Elektroniczny;Informatyczny/Elektroniczny;21;21;"Studia in¿ynierskie";"Studia in¿ynierskie";3;3;Kobieta;Kobieta;"Niepe³ny etat";"Niepe³ny etat";"Mieszkam sam/a ze wsparciem rodziców";"Mieszkam sam/a ze wsparciem rodziców";Nie;Nie;;3;2;1;1;2;;3;2;3;3;1;;3;3;2;4;5;;2;2;;4;"2025-02-17 11:40:10"
;;Tak;Tak;"Technicznej –Politechnika.";"Technicznej –Politechnika.";Informatyczny/Elektroniczny;Informatyczny/Elektroniczny;21;21;"Studia in¿ynierskie";"Studia in¿ynierskie";3;3;Mê¿czyzna;Mê¿czyzna;"Mniej ni¿ 20h tygodniowo";"Mniej ni¿ 20h tygodniowo";"Mieszkam z rodzicami";"Mieszkam z rodzicami";Tak;Tak;;1;4;0;4;3;;1;0;2;4;2;;1;1;0;5;5;;4;2;;2;"2025-02-17 11:43:08"
;;Tak;Tak;"Humanistycznej – Uniwersytet";"Humanistycznej – Uniwersytet";"Kierunki spo³eczne";"Kierunki spo³eczne";19;19;"Studia magisterskie";"Studia magisterskie";2;2;Kobieta;Kobieta;"Mniej ni¿ 20h tygodniowo";"Mniej ni¿ 20h tygodniowo";"Mieszkam sam/a ze wsparciem rodziców";"Mieszkam sam/a ze wsparciem rodziców";Tak;Tak;;0;3;2;1;3;;0;0;4;5;2;;1;5;1;5;4;;4;2;;1;"2025-02-17 12:14:08"
;;Tak;Tak;"Humanistycznej – Uniwersytet";"Humanistycznej – Uniwersytet";"Kierunki spo³eczne";"Kierunki spo³eczne";21;21;Inne;Inne;2;2;Kobieta;Kobieta;"Mniej ni¿ 20h tygodniowo";"Mniej ni¿ 20h tygodniowo";"Utrzymujê siê sam/a";"Utrzymujê siê sam/a";Tak;Tak;;1;3;3;5;2;;2;3;5;3;3;;5;4;5;2;2;;1;3;;3;"2025-02-17 12:25:55"
;;Tak;Tak;"Humanistycznej – Uniwersytet";"Humanistycznej – Uniwersytet";"Kierunki pedagogiczne";"Kierunki pedagogiczne";22;22;"Studia magisterskie";"Studia magisterskie";3;3;Kobieta;Kobieta;"Mniej ni¿ 20h tygodniowo";"Mniej ni¿ 20h tygodniowo";"Mieszkam sam/a ze wsparciem rodziców";"Mieszkam sam/a ze wsparciem rodziców";Nie;Nie;;2;5;2;0;4;;0;2;1;3;2;;3;2;2;5;4;;3;2;;2;"2025-02-17 13:17:59"
;;Tak;Tak;"Humanistycznej – Uniwersytet";"Humanistycznej – Uniwersytet";"Kierunki spo³eczne";"Kierunki spo³eczne";20;20;Inne;Inne;2;2;Mê¿czyzna;Mê¿czyzna;Nie;Nie;"Mieszkam z rodzicami";"Mieszkam z rodzicami";"To skomplikowane";"To skomplikowane";;5;3;4;0;4;;3;4;1;0;3;;5;5;5;2;2;;2;3;;3;"2025-02-17 14:14:41"
;;Tak;Tak;"Ekonomiczne ";"Ekonomiczne ";"Kierunki ekonomiczne";"Kierunki ekonomiczne";23;23;"Studia magisterskie";"Studia magisterskie";1;1;Mê¿czyzna;Mê¿czyzna;"Pe³en etat";"Pe³en etat";"Mieszkam sam/a ze wsparciem rodziców";"Mieszkam sam/a ze wsparciem rodziców";Nie;Nie;;2;4;3;4;2;;1;2;3;4;3;;3;3;3;1;2;;2;3;;3;"2025-02-17 15:07:33"
;;Tak;Tak;"Technicznej –Politechnika.";"Technicznej –Politechnika.";"Kierunki ekonomiczne";"Kierunki ekonomiczne";26;26;"Studia magisterskie";"Studia magisterskie";1;1;Mê¿czyzna;Mê¿czyzna;"Pe³en etat";"Pe³en etat";"Mieszkam z rodzicami";"Mieszkam z rodzicami";Nie;Nie;;5;1;4;4;5;;5;4;0;4;2;;0;3;2;5;4;;5;3;;2;"2025-02-17 15:24:26"
;;Tak;Tak;"Technicznej –Politechnika.";"Technicznej –Politechnika.";Informatyczny/Elektroniczny;Informatyczny/Elektroniczny;21;21;"Studia in¿ynierskie";"Studia in¿ynierskie";2;2;Mê¿czyzna;Mê¿czyzna;Nie;Nie;"Mieszkam z rodzicami";"Mieszkam z rodzicami";Nie;Nie;;2;5;4;3;2;;2;3;3;3;3;;3;4;4;3;4;;3;2;;4;"2025-02-17 16:07:42"
;;Tak;Tak;"Humanistycznej – Uniwersytet";"Humanistycznej – Uniwersytet";Informatyczny/Elektroniczny;Informatyczny/Elektroniczny;21;21;"Studia in¿ynierskie";"Studia in¿ynierskie";3;3;Kobieta;Kobieta;Nie;Nie;"Mieszkam sam/a ze wsparciem rodziców";"Mieszkam sam/a ze wsparciem rodziców";Nie;Nie;;4;3;3;3;2;;1;4;4;3;4;;4;3;3;2;4;;5;3;;5;"2025-02-17 19:33:14"
;;Tak;Tak;"Technicznej –Politechnika.";"Technicznej –Politechnika.";Informatyczny/Elektroniczny;Informatyczny/Elektroniczny;20;20;"Studia in¿ynierskie";"Studia in¿ynierskie";3;3;Kobieta;Kobieta;Nie;Nie;"Mieszkam z rodzicami";"Mieszkam z rodzicami";Tak;Tak;;5;4;5;3;3;;3;4;4;3;3;;5;4;4;3;3;;5;5;;5;"2025-02-17 20:12:48"
;;Tak;Tak;"Technicznej –Politechnika.";"Technicznej –Politechnika.";Ekonomiczny;Ekonomiczny;18;18;"Studia licencjackie";"Studia licencjackie";1;1;Kobieta;Kobieta;"Mniej ni¿ 20h tygodniowo";"Mniej ni¿ 20h tygodniowo";"Mieszkam z rodzicami";"Mieszkam z rodzicami";Nie;Nie;;4;3;3;3;3;;1;2;5;5;5;;3;2;1;3;1;;5;3;;3;"2025-02-18 11:09:52"
;;Tak;Tak;"Medycznej (np. Gumed)";"Medycznej (np. Gumed)";"Kierunki medyczne";"Kierunki medyczne";23;23;"Studia magisterskie";"Studia magisterskie";2;2;Kobieta;Kobieta;"Pe³en etat";"Pe³en etat";"Utrzymujê siê sam/a";"Utrzymujê siê sam/a";Tak;Tak;;5;4;4;1;3;;0;3;4;4;4;;5;4;5;4;2;;3;1;;4;"2025-02-18 11:17:26"
;;Tak;Tak;"Technicznej –Politechnika.";"Technicznej –Politechnika.";Informatyczny/Elektroniczny;Informatyczny/Elektroniczny;20;20;"Studia in¿ynierskie";"Studia in¿ynierskie";1;1;Kobieta;Kobieta;Nie;Nie;"Mieszkam sam/a ze wsparciem rodziców";"Mieszkam sam/a ze wsparciem rodziców";Nie;Nie;;2;2;1;0;2;;0;4;2;4;3;;2;4;4;2;3;;4;2;;2;"2025-02-18 11:37:19"
;;Tak;Tak;"Technicznej –Politechnika.";"Technicznej –Politechnika.";Informatyczny/Elektroniczny;Informatyczny/Elektroniczny;22;22;"Studia in¿ynierskie";"Studia in¿ynierskie";3;3;Kobieta;Kobieta;"Niepe³ny etat";"Niepe³ny etat";"Mieszkam z rodzicami";"Mieszkam z rodzicami";"To skomplikowane";"To skomplikowane";;3;4;3;0;;;0;3;3;3;3;;4;2;3;2;1;;5;3;;3;"2025-02-18 11:54:04"
;;Tak;Tak;"Technicznej –Politechnika.";"Technicznej –Politechnika.";"Kierunki ekonomiczne";"Kierunki ekonomiczne";23;23;"Studia magisterskie";"Studia magisterskie";1;1;Kobieta;Kobieta;"Niepe³ny etat";"Niepe³ny etat";"Mieszkam sam/a ze wsparciem rodziców";"Mieszkam sam/a ze wsparciem rodziców";Nie;Nie;;3;1;3;3;2;;0;4;5;5;2;;2;4;5;3;4;;2;4;;4;"2025-02-18 11:59:04"
;;Tak;Tak;Innej;Innej;"Kierunki humanistyczne";"Kierunki humanistyczne";28;28;"Studia magisterskie";"Studia magisterskie";"5 lub wiêcej";"5 lub wiêcej";Kobieta;Kobieta;"Niepe³ny etat";"Niepe³ny etat";"Mieszkam z rodzicami";"Mieszkam z rodzicami";Tak;Tak;;1;4;5;3;4;;0;1;4;3;3;;5;4;4;4;3;;3;3;;4;"2025-02-18 12:18:29"
;;Tak;Tak;"Medycznej (np. Gumed)";"Medycznej (np. Gumed)";"Kierunki medyczne";"Kierunki medyczne";21;21;"Studia magisterskie";"Studia magisterskie";3;3;Kobieta;Kobieta;Nie;Nie;"Mieszkam z rodzicami";"Mieszkam z rodzicami";Nie;Nie;;4;1;5;3;2;;3;4;2;5;2;;4;4;5;2;1;;1;4;;5;"2025-02-18 12:24:37"
;;Tak;Tak;"Technicznej –Politechnika.";"Technicznej –Politechnika.";"Kierunki Techniczne inne";"Kierunki Techniczne inne";19;19;"Studia in¿ynierskie";"Studia in¿ynierskie";2;2;Kobieta;Kobieta;Nie;Nie;"Mieszkam sam/a ze wsparciem rodziców";"Mieszkam sam/a ze wsparciem rodziców";Tak;Tak;;1;2;2;4;4;;5;3;3;4;3;;4;4;4;3;1;;1;2;;2;"2025-02-18 12:36:50"
;;Tak;Tak;"Medycznej (np. Gumed)";"Medycznej (np. Gumed)";"Kierunki medyczne";"Kierunki medyczne";24;24;"Studia magisterskie";"Studia magisterskie";"5 lub wiêcej";"5 lub wiêcej";Kobieta;Kobieta;Nie;Nie;"Mieszkam z rodzicami";"Mieszkam z rodzicami";Tak;Tak;;5;4;5;4;3;;4;5;4;4;4;;4;4;4;5;3;;3;3;;4;"2025-02-18 12:44:50"
;;Tak;Tak;"Technicznej –Politechnika.";"Technicznej –Politechnika.";"Kierunki Techniczne inne";"Kierunki Techniczne inne";23;23;"Studia in¿ynierskie";"Studia in¿ynierskie";3;3;Mê¿czyzna;Mê¿czyzna;Nie;Nie;"Mieszkam sam/a ze wsparciem rodziców";"Mieszkam sam/a ze wsparciem rodziców";Tak;Tak;;5;3;4;2;5;;2;2;3;4;4;;2;4;5;3;3;;4;3;;3;"2025-02-18 13:00:10"
;;Tak;Tak;"Humanistycznej – Uniwersytet";"Humanistycznej – Uniwersytet";"Kierunki humanistyczne";"Kierunki humanistyczne";19;19;"Studia licencjackie";"Studia licencjackie";1;1;Kobieta;Kobieta;"Mniej ni¿ 20h tygodniowo";"Mniej ni¿ 20h tygodniowo";"Mieszkam z rodzicami";"Mieszkam z rodzicami";Tak;Tak;;3;3;4;2;3;;1;2;3;5;4;;2;4;3;2;2;;2;4;;3;"2025-02-18 13:31:36"
;;Tak;Tak;"Technicznej –Politechnika.";"Technicznej –Politechnika.";"Kierunki ekonomiczne";"Kierunki ekonomiczne";21;21;"Studia magisterskie";"Studia magisterskie";1;1;Mê¿czyzna;Mê¿czyzna;"Pe³en etat";"Pe³en etat";"Utrzymujê siê sam/a";"Utrzymujê siê sam/a";Nie;Nie;;5;1;4;4;1;;1;0;3;5;4;;4;3;3;3;2;;4;4;;1;"2025-02-18 13:51:12"
;;Tak;Tak;"Humanistycznej – Uniwersytet";"Humanistycznej – Uniwersytet";"Kierunki przyrodnicze";"Kierunki przyrodnicze";22;22;"Studia magisterskie";"Studia magisterskie";1;1;Mê¿czyzna;Mê¿czyzna;"Niepe³ny etat";"Niepe³ny etat";"Utrzymujê siê sam/a";"Utrzymujê siê sam/a";Tak;Tak;;3;4;4;3;4;;1;2;4;5;5;;3;4;4;1;3;;2;3;;4;"2025-02-18 14:36:24"
;;Tak;Tak;"Technicznej –Politechnika.";"Technicznej –Politechnika.";"Kierunki Techniczne inne";"Kierunki Techniczne inne";23;23;"Studia magisterskie";"Studia magisterskie";1;1;Mê¿czyzna;Mê¿czyzna;"Niepe³ny etat";"Niepe³ny etat";"Mieszkam z rodzicami";"Mieszkam z rodzicami";Tak;Tak;;2;3;2;2;3;;0;3;2;2;2;;2;2;1;4;4;;2;3;;3;"2025-02-18 15:07:59"
;;Tak;Tak;"Humanistycznej – Uniwersytet";"Humanistycznej – Uniwersytet";"Kierunki spo³eczne";"Kierunki spo³eczne";21;21;"Studia magisterskie";"Studia magisterskie";2;2;Kobieta;Kobieta;Nie;Nie;inne;inne;Nie;Nie;;2;3;4;5;2;;3;3;5;5;4;;5;3;4;2;2;;3;4;;4;"2025-02-18 15:47:40"
;;Tak;Tak;"Medycznej (np. Gumed)";"Medycznej (np. Gumed)";"Kierunki spo³eczne";"Kierunki spo³eczne";24;24;"Studia magisterskie";"Studia magisterskie";"5 lub wiêcej";"5 lub wiêcej";Mê¿czyzna;Mê¿czyzna;"Niepe³ny etat";"Niepe³ny etat";inne;inne;Nie;Nie;;2;2;2;2;4;;2;3;0;0;1;;2;1;1;4;4;;1;0;;3;"2025-02-18 17:17:06"
;;Tak;Tak;"Technicznej –Politechnika.";"Technicznej –Politechnika.";"Kierunki ekonomiczne";"Kierunki ekonomiczne";19;19;"Studia in¿ynierskie";"Studia in¿ynierskie";1;1;Kobieta;Kobieta;Nie;Nie;"Mieszkam sam/a ze wsparciem rodziców";"Mieszkam sam/a ze wsparciem rodziców";Tak;Tak;;0;5;3;3;1;;1;0;5;5;4;;3;4;3;1;3;;0;3;;3;"2025-02-18 17:34:13"
;;Tak;Tak;"Medycznej (np. Gumed)";"Medycznej (np. Gumed)";"Kierunki medyczne";"Kierunki medyczne";24;24;"Studia magisterskie";"Studia magisterskie";2;2;Kobieta;Kobieta;"Niepe³ny etat";"Niepe³ny etat";"Mieszkam sam/a ze wsparciem rodziców";"Mieszkam sam/a ze wsparciem rodziców";Nie;Nie;;2;3;3;2;3;;1;4;2;2;1;;3;4;4;2;2;;2;2;;3;"2025-02-18 18:44:20"
;;Tak;Tak;"Technicznej –Politechnika.";"Technicznej –Politechnika.";Informatyczny/Elektroniczny;Informatyczny/Elektroniczny;21;21;"Studia in¿ynierskie";"Studia in¿ynierskie";2;2;Mê¿czyzna;Mê¿czyzna;"Mniej ni¿ 20h tygodniowo";"Mniej ni¿ 20h tygodniowo";"Mieszkam sam/a ze wsparciem rodziców";"Mieszkam sam/a ze wsparciem rodziców";Tak;Tak;;5;3;5;4;5;;3;4;0;4;2;;3;4;5;5;5;;2;3;;4;"2025-02-18 21:08:11"
;;Tak;Tak;"Technicznej –Politechnika.";"Technicznej –Politechnika.";Informatyczny/Elektroniczny;Informatyczny/Elektroniczny;20;20;"Studia in¿ynierskie";"Studia in¿ynierskie";2;2;Mê¿czyzna;Mê¿czyzna;Nie;Nie;;;Tak;Tak;;2;3;3;4;4;;1;4;3;4;3;;3;5;4;3;4;;3;2;;3;"2025-02-18 22:18:53"
;;Tak;Tak;"Humanistycznej – Uniwersytet";"Humanistycznej – Uniwersytet";"Kierunki lingwistyczne";"Kierunki lingwistyczne";19;19;"Studia licencjackie";"Studia licencjackie";2;2;Kobieta;Kobieta;Nie;Nie;"Mieszkam z rodzicami";"Mieszkam z rodzicami";Tak;Tak;;2;3;3;1;2;;1;2;1;1;1;;4;3;3;1;1;;0;3;;3;"2025-02-18 22:33:25"
;;Tak;Tak;"Technicznej –Politechnika.";"Technicznej –Politechnika.";"Kierunki przyrodnicze";"Kierunki przyrodnicze";20;20;"Studia in¿ynierskie";"Studia in¿ynierskie";2;2;Mê¿czyzna;Mê¿czyzna;"Niepe³ny etat";"Niepe³ny etat";"Mieszkam sam/a ze wsparciem rodziców";"Mieszkam sam/a ze wsparciem rodziców";Tak;Tak;;5;3;5;0;3;;0;2;5;5;5;;4;4;4;3;2;;4;1;;5;"2025-02-18 23:02:57"
;;Tak;Tak;"Medycznej (np. Gumed)";"Medycznej (np. Gumed)";"Kierunki medyczne";"Kierunki medyczne";19;19;"Studia magisterskie";"Studia magisterskie";1;1;Kobieta;Kobieta;Nie;Nie;"Mieszkam sam/a ze wsparciem rodziców";"Mieszkam sam/a ze wsparciem rodziców";Tak;Tak;;2;5;3;2;4;;2;1;5;5;4;;3;4;4;3;2;;0;3;;3;"2025-02-18 23:23:02"
;;Tak;Tak;"Humanistycznej – Uniwersytet";"Humanistycznej – Uniwersytet";"Kierunki humanistyczne";"Kierunki humanistyczne";21;21;"Studia magisterskie";"Studia magisterskie";1;1;Kobieta;Kobieta;Nie;Nie;"Mieszkam z rodzicami";"Mieszkam z rodzicami";Tak;Tak;;4;3;5;3;2;;3;3;4;3;4;;4;4;5;3;3;;5;2;;3;"2025-02-19 08:16:23"
;;Tak;Tak;"Technicznej –Politechnika.";"Technicznej –Politechnika.";"Kierunki ekonomiczne";"Kierunki ekonomiczne";24;24;"Studia magisterskie";"Studia magisterskie";4;4;Mê¿czyzna;Mê¿czyzna;"Pe³en etat";"Pe³en etat";"Utrzymujê siê sam/a";"Utrzymujê siê sam/a";Tak;Tak;;4;2;2;4;5;;3;2;5;4;5;;4;4;2;4;2;;3;2;;1;"2025-02-19 12:10:39"
;;Tak;Tak;"Medycznej (np. Gumed)";"Medycznej (np. Gumed)";"Kierunki medyczne";"Kierunki medyczne";20;20;"Studia licencjackie";"Studia licencjackie";1;1;Kobieta;Kobieta;Nie;Nie;"Mieszkam sam/a ze wsparciem rodziców";"Mieszkam sam/a ze wsparciem rodziców";Tak;Tak;;0;2;4;0;4;;1;2;2;1;2;;4;4;4;2;0;;2;2;;3;"2025-02-19 13:11:26"
;;Tak;Tak;;;;;;;;;;;;;;;;;;;;;;;;;;;;;;;;;;;;;;;;;;"2025-02-19 15:57:29"
;;Tak;Tak;Innej;Innej;"Kierunki medyczne";"Kierunki medyczne";19;19;"Studia magisterskie";"Studia magisterskie";1;1;Mê¿czyzna;Mê¿czyzna;Nie;Nie;"Mieszkam sam/a ze wsparciem rodziców";"Mieszkam sam/a ze wsparciem rodziców";Tak;Tak;;5;5;5;2;1;;0;3;5;5;4;;3;5;2;3;3;;4;2;;4;"2025-02-19 16:20:36"
;;Tak;Tak;"Humanistycznej – Uniwersytet";"Humanistycznej – Uniwersytet";Inne;Inne;20;20;"Studia magisterskie";"Studia magisterskie";2;2;Kobieta;Kobieta;Nie;Nie;"Mieszkam sam/a ze wsparciem rodziców";"Mieszkam sam/a ze wsparciem rodziców";Tak;Tak;;3;3;5;0;5;;3;;4;3;3;;3;4;5;1;1;;1;5;;4;"2025-02-19 17:12:51"
;;Tak;Tak;"Ekonomiczne ";"Ekonomiczne ";"Kierunki ekonomiczne";"Kierunki ekonomiczne";23;23;"Studia magisterskie";"Studia magisterskie";"5 lub wiêcej";"5 lub wiêcej";Kobieta;Kobieta;"Pe³en etat";"Pe³en etat";"Utrzymujê siê sam/a";"Utrzymujê siê sam/a";Nie;Nie;;3;3;4;3;2;;1;3;3;3;4;;3;4;4;4;4;;3;2;;3;"2025-02-19 19:20:20"
;;Nie;Nie;"Humanistycznej – Uniwersytet";"Humanistycznej – Uniwersytet";"Kierunki ekonomiczne";"Kierunki ekonomiczne";26;26;Inne;Inne;1;1;Kobieta;Kobieta;Nie;Nie;"Utrzymujê siê sam/a";"Utrzymujê siê sam/a";Tak;Tak;;2;4;2;;5;;0;2;0;0;2;;4;3;4;0;1;;4;1;;2;"2025-02-20 16:13:10"
;;Tak;Tak;"Technicznej –Politechnika.";"Technicznej –Politechnika.";"Kierunki spo³eczne";"Kierunki spo³eczne";22;22;"Studia in¿ynierskie";"Studia in¿ynierskie";4;4;Kobieta;Kobieta;"Niepe³ny etat";"Niepe³ny etat";"Utrzymujê siê sam/a";"Utrzymujê siê sam/a";Tak;Tak;;5;1;3;4;2;;0;4;5;2;5;;4;4;3;3;3;;3;2;;2;"2025-02-20 17:17:09"
;;Tak;Tak;"Technicznej –Politechnika.";"Technicznej –Politechnika.";Ekonomiczny;Ekonomiczny;24;24;"Studia magisterskie";"Studia magisterskie";1;1;Kobieta;Kobieta;"Pe³en etat";"Pe³en etat";"Mieszkam sam/a ze wsparciem rodziców";"Mieszkam sam/a ze wsparciem rodziców";Tak;Tak;;3;4;4;4;5;;2;4;5;4;4;;3;4;4;4;4;;5;4;;3;"2025-02-21 13:29:41"
;;Tak;Tak;"Technicznej –Politechnika.";"Technicznej –Politechnika.";Ekonomiczny;Ekonomiczny;24;24;"Studia magisterskie";"Studia magisterskie";1;1;Kobieta;Kobieta;"Niepe³ny etat";"Niepe³ny etat";"Mieszkam sam/a ze wsparciem rodziców";"Mieszkam sam/a ze wsparciem rodziców";Nie;Nie;;3;3;3;2;1;;2;2;4;5;5;;4;3;1;5;5;;5;3;;3;"2025-02-21 13:30:04"
;;Tak;Tak;"Technicznej –Politechnika.";"Technicznej –Politechnika.";"Kierunki ekonomiczne";"Kierunki ekonomiczne";23;23;"Studia magisterskie";"Studia magisterskie";"5 lub wiêcej";"5 lub wiêcej";Kobieta;Kobieta;Nie;Nie;"Utrzymujê siê sam/a";"Utrzymujê siê sam/a";Nie;Nie;;2;3;4;3;4;;1;3;2;2;2;;1;3;2;5;5;;3;5;;4;"2025-02-21 14:04:02"
;;Tak;Tak;"Ekonomiczne ";"Ekonomiczne ";Ekonomiczny;Ekonomiczny;23;23;"Studia magisterskie";"Studia magisterskie";1;1;Mê¿czyzna;Mê¿czyzna;"Niepe³ny etat";"Niepe³ny etat";"Mieszkam z rodzicami";"Mieszkam z rodzicami";Tak;Tak;;2;3;2;2;2;;3;1;3;3;2;;2;1;1;5;3;;5;2;;3;"2025-02-21 14:10:44"
;;Tak;Tak;"Technicznej –Politechnika.";"Technicznej –Politechnika.";"Kierunki ekonomiczne";"Kierunki ekonomiczne";23;23;"Studia magisterskie";"Studia magisterskie";1;1;Kobieta;Kobieta;Nie;Nie;"Mieszkam z rodzicami";"Mieszkam z rodzicami";Tak;Tak;;1;5;5;4;5;;1;3;2;4;4;;1;4;5;0;2;;0;2;;3;"2025-02-21 14:15:56"
;;Tak;Tak;"Technicznej –Politechnika.";"Technicznej –Politechnika.";"Kierunki Techniczne inne";"Kierunki Techniczne inne";20;20;"Studia in¿ynierskie";"Studia in¿ynierskie";2;2;Mê¿czyzna;Mê¿czyzna;Nie;Nie;"Mieszkam z rodzicami";"Mieszkam z rodzicami";Tak;Tak;;2;1;3;1;2;;1;2;1;2;2;;3;2;1;2;2;;2;2;;2;"2025-02-21 17:31:50"
;;Tak;Tak;"Technicznej –Politechnika.";"Technicznej –Politechnika.";"Kierunki ekonomiczne";"Kierunki ekonomiczne";24;24;"Studia magisterskie";"Studia magisterskie";1;1;Mê¿czyzna;Mê¿czyzna;"Pe³en etat";"Pe³en etat";"Utrzymujê siê sam/a";"Utrzymujê siê sam/a";Nie;Nie;;4;2;3;4;1;;4;2;4;4;5;;4;2;3;1;0;;4;1;;4;"2025-02-21 19:12:13"
;;Tak;Tak;"Technicznej –Politechnika.";"Technicznej –Politechnika.";Ekonomiczny;Ekonomiczny;21;21;"Studia magisterskie";"Studia magisterskie";"5 lub wiêcej";"5 lub wiêcej";Kobieta;Kobieta;"Pe³en etat";"Pe³en etat";"Utrzymujê siê sam/a";"Utrzymujê siê sam/a";Tak;Tak;;4;5;;5;5;;2;4;1;1;4;;4;5;5;2;0;;2;3;;3;"2025-02-22 11:05:21"
;;Tak;Tak;"Technicznej –Politechnika.";"Technicznej –Politechnika.";"Kierunki ekonomiczne";"Kierunki ekonomiczne";24;24;"Studia magisterskie";"Studia magisterskie";"5 lub wiêcej";"5 lub wiêcej";Kobieta;Kobieta;"Pe³en etat";"Pe³en etat";"Mieszkam sam/a ze wsparciem rodziców";"Mieszkam sam/a ze wsparciem rodziców";Tak;Tak;;5;3;4;5;4;;2;2;4;3;3;;3;3;4;1;2;;5;2;;1;"2025-02-22 14:32:20"
;;Tak;Tak;"Technicznej –Politechnika.";"Technicznej –Politechnika.";"Kierunki Techniczne inne";"Kierunki Techniczne inne";21;21;"Studia in¿ynierskie";"Studia in¿ynierskie";2;2;Kobieta;Kobieta;"Niepe³ny etat";"Niepe³ny etat";"Mieszkam sam/a ze wsparciem rodziców";"Mieszkam sam/a ze wsparciem rodziców";Nie;Nie;;4;4;3;2;1;;3;4;5;5;4;;5;3;3;1;1;;3;3;;4;"2025-02-22 17:05:31"
;;Tak;Tak;"Technicznej –Politechnika.";"Technicznej –Politechnika.";Informatyczny/Elektroniczny;Informatyczny/Elektroniczny;22;22;"Studia in¿ynierskie";"Studia in¿ynierskie";2;2;Mê¿czyzna;Mê¿czyzna;Nie;Nie;"Utrzymujê siê sam/a";"Utrzymujê siê sam/a";Tak;Tak;;3;4;5;5;5;;4;2;3;2;3;;3;1;3;4;5;;4;3;;4;"2025-02-22 21:32:51"
;;Tak;Tak;"Technicznej –Politechnika.";"Technicznej –Politechnika.";"Kierunki Techniczne inne";"Kierunki Techniczne inne";19;19;"Studia in¿ynierskie";"Studia in¿ynierskie";2;2;Mê¿czyzna;Mê¿czyzna;Nie;Nie;"Mieszkam sam/a ze wsparciem rodziców";"Mieszkam sam/a ze wsparciem rodziców";Nie;Nie;;4;1;4;3;2;;3;4;1;4;3;;4;4;4;1;2;;1;3;;4;"2025-02-23 01:40:53"
;;Tak;Tak;"Technicznej –Politechnika.";"Technicznej –Politechnika.";Informatyczny/Elektroniczny;Informatyczny/Elektroniczny;23;23;"Studia magisterskie";"Studia magisterskie";1;1;Mê¿czyzna;Mê¿czyzna;"Pe³en etat";"Pe³en etat";"Utrzymujê siê sam/a";"Utrzymujê siê sam/a";Nie;Nie;;4;1;3;5;2;;0;2;2;5;4;;3;4;4;4;3;;2;3;;3;"2025-02-23 03:04:39"
;;Tak;Tak;"Technicznej –Politechnika.";"Technicznej –Politechnika.";Inne;Inne;24;24;"Studia magisterskie";"Studia magisterskie";2;2;Kobieta;Kobieta;"Niepe³ny etat";"Niepe³ny etat";"Mieszkam sam/a ze wsparciem rodziców";"Mieszkam sam/a ze wsparciem rodziców";Tak;Tak;;5;4;5;5;5;;3;4;4;4;3;;5;5;2;2;1;;1;2;;2;"2025-02-23 18:56:26"
;;Tak;Tak;"Technicznej –Politechnika.";"Technicznej –Politechnika.";Informatyczny/Elektroniczny;Informatyczny/Elektroniczny;21;21;"Studia in¿ynierskie";"Studia in¿ynierskie";3;3;Mê¿czyzna;Mê¿czyzna;"Mniej ni¿ 20h tygodniowo";"Mniej ni¿ 20h tygodniowo";"Mieszkam z rodzicami";"Mieszkam z rodzicami";Tak;Tak;;2;4;2;1;2;;1;2;2;4;3;;2;2;3;5;3;;3;2;;4;"2025-02-23 23:09:58"
;;Tak;Tak;"Technicznej –Politechnika.";"Technicznej –Politechnika.";"Kierunki Techniczne inne";"Kierunki Techniczne inne";20;20;"Studia in¿ynierskie";"Studia in¿ynierskie";2;2;Mê¿czyzna;Mê¿czyzna;Nie;Nie;"Mieszkam z rodzicami";"Mieszkam z rodzicami";Nie;Nie;;4;4;3;5;2;;0;4;2;4;3;;2;3;1;5;2;;3;2;;2;"2025-02-24 01:23:18"
;;Tak;Tak;"Technicznej –Politechnika.";"Technicznej –Politechnika.";"Kierunki ekonomiczne";"Kierunki ekonomiczne";23;23;"Studia magisterskie";"Studia magisterskie";1;1;Kobieta;Kobieta;"Pe³en etat";"Pe³en etat";"Utrzymujê siê sam/a";"Utrzymujê siê sam/a";Nie;Nie;;4;4;5;3;2;;0;3;2;2;3;;3;4;4;2;3;;3;1;;4;"2025-02-24 14:52:02"
;;Tak;Tak;"Technicznej –Politechnika.";"Technicznej –Politechnika.";"Kierunki ekonomiczne";"Kierunki ekonomiczne";28;28;"Studia magisterskie";"Studia magisterskie";2;2;Kobieta;Kobieta;Nie;Nie;"Mieszkam z rodzicami";"Mieszkam z rodzicami";Tak;Tak;;5;4;4;3;2;;3;4;0;4;4;;4;5;5;3;0;;5;4;;4;"2025-02-24 15:12:31"
;;Tak;Tak;"Technicznej –Politechnika.";"Technicznej –Politechnika.";Informatyczny/Elektroniczny;Informatyczny/Elektroniczny;22;22;"Studia in¿ynierskie";"Studia in¿ynierskie";3;3;Mê¿czyzna;Mê¿czyzna;"Niepe³ny etat";"Niepe³ny etat";"Mieszkam z rodzicami";"Mieszkam z rodzicami";Nie;Nie;;4;3;3;3;4;;1;2;4;4;4;;2;3;3;5;3;;5;2;;3;"2025-02-24 19:18:04"
;;Tak;Tak;"Technicznej –Politechnika.";"Technicznej –Politechnika.";Ekonomiczny;Ekonomiczny;24;24;"Studia magisterskie";"Studia magisterskie";1;1;Mê¿czyzna;Mê¿czyzna;"Pe³en etat";"Pe³en etat";"Utrzymujê siê sam/a";"Utrzymujê siê sam/a";Tak;Tak;;0;5;4;4;3;;2;2;3;3;3;;3;3;4;3;4;;3;2;;3;"2025-02-24 22:47:13"
;;Tak;Tak;"Technicznej –Politechnika.";"Technicznej –Politechnika.";"Kierunki ekonomiczne";"Kierunki ekonomiczne";19;19;"Studia licencjackie";"Studia licencjackie";1;1;Kobieta;Kobieta;Nie;Nie;"Mieszkam z rodzicami";"Mieszkam z rodzicami";Nie;Nie;;0;5;4;2;2;;2;0;5;5;5;;0;3;4;0;3;;5;2;;2;"2025-02-25 09:40:35"
;;Tak;Tak;"Humanistycznej – Uniwersytet";"Humanistycznej – Uniwersytet";"Kierunki artystyczne";"Kierunki artystyczne";21;21;"Studia licencjackie";"Studia licencjackie";3;3;Kobieta;Kobieta;Nie;Nie;"Mieszkam sam/a ze wsparciem rodziców";"Mieszkam sam/a ze wsparciem rodziców";Tak;Tak;;3;3;1;2;3;;1;4;4;5;5;;2;3;3;3;3;;4;2;;3;"2025-02-25 14:16:19"
;;Tak;Tak;"Technicznej –Politechnika.";"Technicznej –Politechnika.";"Kierunki Techniczne inne";"Kierunki Techniczne inne";19;19;"Studia in¿ynierskie";"Studia in¿ynierskie";1;1;Kobieta;Kobieta;Nie;Nie;"Mieszkam sam/a ze wsparciem rodziców";"Mieszkam sam/a ze wsparciem rodziców";Tak;Tak;;1;3;4;2;4;;1;1;0;2;1;;4;4;4;2;2;;0;2;;3;"2025-02-25 14:29:01"
;;Tak;Tak;"Technicznej –Politechnika.";"Technicznej –Politechnika.";Informatyczny/Elektroniczny;Informatyczny/Elektroniczny;20;20;"Studia in¿ynierskie";"Studia in¿ynierskie";3;3;Kobieta;Kobieta;Nie;Nie;"Mieszkam sam/a ze wsparciem rodziców";"Mieszkam sam/a ze wsparciem rodziców";Tak;Tak;;4;5;4;2;4;;3;3;2;3;2;;4;4;4;4;1;;3;2;;4;"2025-02-25 14:46:10"
;;Tak;Tak;"Technicznej –Politechnika.";"Technicznej –Politechnika.";"Kierunki Techniczne inne";"Kierunki Techniczne inne";24;24;"Studia magisterskie";"Studia magisterskie";1;1;Mê¿czyzna;Mê¿czyzna;"Pe³en etat";"Pe³en etat";"Mieszkam z rodzicami";"Mieszkam z rodzicami";"To skomplikowane";"To skomplikowane";;4;3;3;4;1;;0;2;4;5;5;;2;1;1;3;1;;4;3;;3;"2025-02-25 14:51:00"
;;Tak;Tak;"Technicznej –Politechnika.";"Technicznej –Politechnika.";Informatyczny/Elektroniczny;Informatyczny/Elektroniczny;21;21;"Studia in¿ynierskie";"Studia in¿ynierskie";3;3;Mê¿czyzna;Mê¿czyzna;Nie;Nie;"Mieszkam sam/a ze wsparciem rodziców";"Mieszkam sam/a ze wsparciem rodziców";Tak;Tak;;1;3;3;2;4;;2;1;2;2;2;;2;3;3;2;1;;0;2;;3;"2025-02-25 17:13:43"
;;Tak;Tak;"Humanistycznej – Uniwersytet";"Humanistycznej – Uniwersytet";"Kierunki spo³eczne";"Kierunki spo³eczne";19;19;"Studia magisterskie";"Studia magisterskie";1;1;Kobieta;Kobieta;Nie;Nie;"Mieszkam sam/a ze wsparciem rodziców";"Mieszkam sam/a ze wsparciem rodziców";Nie;Nie;;2;4;3;5;2;;4;1;4;5;4;;4;3;0;3;3;;3;3;;4;"2025-02-25 17:47:51"
;;Tak;Tak;"Technicznej –Politechnika.";"Technicznej –Politechnika.";"Kierunki ekonomiczne";"Kierunki ekonomiczne";23;23;"Studia magisterskie";"Studia magisterskie";1;1;Kobieta;Kobieta;"Pe³en etat";"Pe³en etat";"Utrzymujê siê sam/a";"Utrzymujê siê sam/a";Nie;Nie;;5;4;5;5;3;;2;4;1;1;4;;4;5;5;2;2;;1;4;;2;"2025-02-25 19:04:45"
;;Tak;Tak;"Technicznej –Politechnika.";"Technicznej –Politechnika.";"Kierunki Techniczne inne";"Kierunki Techniczne inne";20;20;"Studia in¿ynierskie";"Studia in¿ynierskie";2;2;Kobieta;Kobieta;Nie;Nie;"Mieszkam sam/a ze wsparciem rodziców";"Mieszkam sam/a ze wsparciem rodziców";Tak;Tak;;1;4;4;2;4;;2;2;0;2;1;;4;4;4;2;2;;1;1;;3;"2025-02-25 20:38:15"
;;Tak;Tak;"Technicznej –Politechnika.";"Technicznej –Politechnika.";Informatyczny/Elektroniczny;Informatyczny/Elektroniczny;24;24;"Studia magisterskie";"Studia magisterskie";"5 lub wiêcej";"5 lub wiêcej";Mê¿czyzna;Mê¿czyzna;"Niepe³ny etat";"Niepe³ny etat";"Utrzymujê siê sam/a";"Utrzymujê siê sam/a";Nie;Nie;;4;2;4;1;3;;1;1;3;4;2;;4;2;1;4;3;;3;3;;3;"2025-02-25 20:42:08"
;;Tak;Tak;"Humanistycznej – Uniwersytet";"Humanistycznej – Uniwersytet";"Kierunki przyrodnicze";"Kierunki przyrodnicze";20;20;"Studia licencjackie";"Studia licencjackie";1;1;Kobieta;Kobieta;Nie;Nie;"Mieszkam z rodzicami";"Mieszkam z rodzicami";Tak;Tak;;0;4;4;5;4;;1;3;2;3;4;;3;4;3;2;3;;5;3;;4;"2025-02-25 21:33:23"
;;Tak;Tak;"Technicznej –Politechnika.";"Technicznej –Politechnika.";"Kierunki Techniczne inne";"Kierunki Techniczne inne";22;22;"Studia in¿ynierskie";"Studia in¿ynierskie";2;2;Mê¿czyzna;Mê¿czyzna;"Mniej ni¿ 20h tygodniowo";"Mniej ni¿ 20h tygodniowo";"Mieszkam z rodzicami";"Mieszkam z rodzicami";Tak;Tak;;2;4;5;4;2;;2;4;1;4;2;;4;5;4;3;1;;2;4;;4;"2025-02-25 23:33:17"
;;Tak;Tak;"Technicznej –Politechnika.";"Technicznej –Politechnika.";Informatyczny/Elektroniczny;Informatyczny/Elektroniczny;20;20;"Studia in¿ynierskie";"Studia in¿ynierskie";1;1;Mê¿czyzna;Mê¿czyzna;Nie;Nie;"Mieszkam sam/a ze wsparciem rodziców";"Mieszkam sam/a ze wsparciem rodziców";Tak;Tak;;4;1;1;5;3;;1;3;1;0;4;;4;5;0;2;1;;4;3;;4;"2025-02-26 07:15:06"
;;Tak;Tak;"Technicznej –Politechnika.";"Technicznej –Politechnika.";"Kierunki Techniczne inne";"Kierunki Techniczne inne";23;23;"Studia magisterskie";"Studia magisterskie";1;1;Mê¿czyzna;Mê¿czyzna;"Pe³en etat";"Pe³en etat";"Mieszkam z rodzicami";"Mieszkam z rodzicami";Nie;Nie;;4;2;4;3;4;;4;4;4;2;2;;2;4;5;4;3;;4;2;;4;"2025-02-26 07:30:05"
;;Tak;Tak;"Technicznej –Politechnika.";"Technicznej –Politechnika.";"Kierunki Techniczne inne";"Kierunki Techniczne inne";24;24;"Studia in¿ynierskie";"Studia in¿ynierskie";3;3;Kobieta;Kobieta;Nie;Nie;"Utrzymujê siê sam/a";"Utrzymujê siê sam/a";Nie;Nie;;5;0;5;5;0;;2;5;2;0;3;;5;5;5;1;2;;2;3;;4;"2025-02-26 13:15:06"
;;Tak;Tak;"Technicznej –Politechnika.";"Technicznej –Politechnika.";Informatyczny/Elektroniczny;Informatyczny/Elektroniczny;20;20;"Studia in¿ynierskie";"Studia in¿ynierskie";1;1;Mê¿czyzna;Mê¿czyzna;Nie;Nie;"Mieszkam sam/a ze wsparciem rodziców";"Mieszkam sam/a ze wsparciem rodziców";Nie;Nie;;1;4;2;3;2;;1;1;2;3;1;;2;1;0;4;2;;2;3;;4;"2025-02-26 13:18:29"
;;Tak;Tak;"Technicznej –Politechnika.";"Technicznej –Politechnika.";Informatyczny/Elektroniczny;Informatyczny/Elektroniczny;19;19;"Studia in¿ynierskie";"Studia in¿ynierskie";1;1;Kobieta;Kobieta;Nie;Nie;"Mieszkam z rodzicami";"Mieszkam z rodzicami";Tak;Tak;;5;2;4;4;2;;1;1;4;5;3;;2;1;4;3;3;;3;4;;4;"2025-02-26 13:19:50"
;;Tak;Tak;"Technicznej –Politechnika.";"Technicznej –Politechnika.";"Kierunki Techniczne inne";"Kierunki Techniczne inne";24;24;"Studia magisterskie";"Studia magisterskie";1;1;Mê¿czyzna;Mê¿czyzna;Nie;Nie;"Mieszkam sam/a ze wsparciem rodziców";"Mieszkam sam/a ze wsparciem rodziców";Nie;Nie;;0;2;1;4;1;;0;3;5;5;4;;2;2;1;3;5;;5;3;;3;"2025-02-26 13:46:03"
;;Tak;Tak;"Technicznej –Politechnika.";"Technicznej –Politechnika.";Informatyczny/Elektroniczny;Informatyczny/Elektroniczny;19;19;"Studia in¿ynierskie";"Studia in¿ynierskie";1;1;Kobieta;Kobieta;Nie;Nie;"Mieszkam sam/a ze wsparciem rodziców";"Mieszkam sam/a ze wsparciem rodziców";Tak;Tak;;2;4;4;5;4;;3;1;2;3;2;;4;4;3;2;4;;3;3;;4;"2025-02-26 14:13:01"
;;Tak;Tak;"Technicznej –Politechnika.";"Technicznej –Politechnika.";Ekonomiczny;Ekonomiczny;22;22;"Studia magisterskie";"Studia magisterskie";1;1;Kobieta;Kobieta;"Pe³en etat";"Pe³en etat";"Utrzymujê siê sam/a";"Utrzymujê siê sam/a";Nie;Nie;;3;5;4;3;5;;2;4;5;3;3;;4;5;4;1;4;;2;2;;2;"2025-02-26 14:35:32"
;;Tak;Tak;"Technicznej –Politechnika.";"Technicznej –Politechnika.";Informatyczny/Elektroniczny;Informatyczny/Elektroniczny;18;18;"Studia in¿ynierskie";"Studia in¿ynierskie";1;1;Mê¿czyzna;Mê¿czyzna;Nie;Nie;"Mieszkam sam/a ze wsparciem rodziców";"Mieszkam sam/a ze wsparciem rodziców";Tak;Tak;;2;3;3;4;1;;0;1;4;4;4;;4;1;0;4;1;;4;3;;4;"2025-02-26 15:12:18"
;;Tak;Tak;"Technicznej –Politechnika.";"Technicznej –Politechnika.";Informatyczny/Elektroniczny;Informatyczny/Elektroniczny;20;20;"Studia in¿ynierskie";"Studia in¿ynierskie";1;1;Mê¿czyzna;Mê¿czyzna;Nie;Nie;"Mieszkam sam/a ze wsparciem rodziców";"Mieszkam sam/a ze wsparciem rodziców";Tak;Tak;;1;2;3;2;1;;0;1;3;3;2;;3;1;1;2;4;;2;3;;4;"2025-02-26 15:33:36"
;;Tak;Tak;"Technicznej –Politechnika.";"Technicznej –Politechnika.";Informatyczny/Elektroniczny;Informatyczny/Elektroniczny;21;21;"Studia in¿ynierskie";"Studia in¿ynierskie";1;1;Mê¿czyzna;Mê¿czyzna;Nie;Nie;"Mieszkam sam/a ze wsparciem rodziców";"Mieszkam sam/a ze wsparciem rodziców";Tak;Tak;;3;4;4;3;5;;1;0;1;3;4;;3;3;4;4;4;;4;3;;5;"2025-02-26 15:42:33"
;;Tak;Tak;"Technicznej –Politechnika.";"Technicznej –Politechnika.";"Kierunki ekonomiczne";"Kierunki ekonomiczne";25;25;"Studia magisterskie";"Studia magisterskie";2;2;Kobieta;Kobieta;"Pe³en etat";"Pe³en etat";"Utrzymujê siê sam/a";"Utrzymujê siê sam/a";Nie;Nie;;2;2;1;3;1;;0;3;2;3;2;;2;1;1;4;4;;2;3;;2;"2025-02-26 16:58:42"
;;Tak;Tak;"Technicznej –Politechnika.";"Technicznej –Politechnika.";Informatyczny/Elektroniczny;Informatyczny/Elektroniczny;19;19;"Studia in¿ynierskie";"Studia in¿ynierskie";1;1;Kobieta;Kobieta;Nie;Nie;"Mieszkam z rodzicami";"Mieszkam z rodzicami";Tak;Tak;;3;4;5;3;4;;3;2;3;3;2;;5;5;4;4;2;;4;3;;4;"2025-02-26 19:43:16"
;;Tak;Tak;"Technicznej –Politechnika.";"Technicznej –Politechnika.";Informatyczny/Elektroniczny;Informatyczny/Elektroniczny;18;18;"Studia in¿ynierskie";"Studia in¿ynierskie";1;1;Mê¿czyzna;Mê¿czyzna;"Mniej ni¿ 20h tygodniowo";"Mniej ni¿ 20h tygodniowo";"Mieszkam z rodzicami";"Mieszkam z rodzicami";Tak;Tak;;4;2;5;5;4;;3;2;1;5;3;;3;3;3;4;4;;4;4;;4;"2025-02-26 20:23:51"
;;Tak;Tak;"Technicznej –Politechnika.";"Technicznej –Politechnika.";Informatyczny/Elektroniczny;Informatyczny/Elektroniczny;19;19;"Studia in¿ynierskie";"Studia in¿ynierskie";1;1;Mê¿czyzna;Mê¿czyzna;Nie;Nie;"Mieszkam z rodzicami";"Mieszkam z rodzicami";Tak;Tak;;4;4;4;4;4;;3;3;2;4;3;;4;3;3;5;3;;5;3;;4;"2025-02-26 21:42:11"
;;Tak;Tak;"Technicznej –Politechnika.";"Technicznej –Politechnika.";"Kierunki Techniczne inne";"Kierunki Techniczne inne";24;24;"Studia magisterskie";"Studia magisterskie";2;2;Kobieta;Kobieta;Nie;Nie;"Mieszkam sam/a ze wsparciem rodziców";"Mieszkam sam/a ze wsparciem rodziców";Tak;Tak;;4;2;5;0;2;;4;4;1;2;3;;5;5;5;3;3;;2;3;;3;"2025-02-26 21:44:33"
;;Tak;Tak;"Technicznej –Politechnika.";"Technicznej –Politechnika.";Informatyczny/Elektroniczny;Informatyczny/Elektroniczny;22;22;"Studia in¿ynierskie";"Studia in¿ynierskie";2;2;Mê¿czyzna;Mê¿czyzna;Nie;Nie;"Mieszkam z rodzicami";"Mieszkam z rodzicami";Nie;Nie;;2;3;4;3;3;;2;3;1;2;2;;3;4;5;4;2;;3;4;;4;"2025-02-27 07:53:11"
;;Tak;Tak;"Technicznej –Politechnika.";"Technicznej –Politechnika.";"Kierunki ekonomiczne";"Kierunki ekonomiczne";23;23;"Studia magisterskie";"Studia magisterskie";1;1;Kobieta;Kobieta;Nie;Nie;"Mieszkam sam/a ze wsparciem rodziców";"Mieszkam sam/a ze wsparciem rodziców";Nie;Nie;;2;4;4;3;5;;4;3;4;5;3;;2;4;4;2;4;;3;2;;2;"2025-02-27 11:54:51"
;;Tak;Tak;"Technicznej –Politechnika.";"Technicznej –Politechnika.";Informatyczny/Elektroniczny;Informatyczny/Elektroniczny;19;19;"Studia in¿ynierskie";"Studia in¿ynierskie";1;1;Mê¿czyzna;Mê¿czyzna;Nie;Nie;"Mieszkam z rodzicami";"Mieszkam z rodzicami";Tak;Tak;;2;2;5;3;5;;5;5;3;5;3;;4;5;3;5;3;;3;3;;3;"2025-02-27 18:38:56"
;;Tak;Tak;"Technicznej –Politechnika.";"Technicznej –Politechnika.";Informatyczny/Elektroniczny;Informatyczny/Elektroniczny;24;24;"Studia magisterskie";"Studia magisterskie";2;2;Mê¿czyzna;Mê¿czyzna;Nie;Nie;inne;inne;Tak;Tak;;3;4;4;1;1;;3;5;4;3;3;;5;2;3;2;1;;0;3;;1;"2025-02-27 21:57:25"
;;Tak;Tak;"Technicznej –Politechnika.";"Technicznej –Politechnika.";Informatyczny/Elektroniczny;Informatyczny/Elektroniczny;19;19;"Studia in¿ynierskie";"Studia in¿ynierskie";1;1;Mê¿czyzna;Mê¿czyzna;Nie;Nie;"Mieszkam z rodzicami";"Mieszkam z rodzicami";Tak;Tak;;4;5;5;;4;;1;2;4;3;4;;4;4;5;2;3;;5;4;;4;"2025-02-28 02:09:45"
;;Tak;Tak;"Technicznej –Politechnika.";"Technicznej –Politechnika.";Informatyczny/Elektroniczny;Informatyczny/Elektroniczny;21;21;"Studia in¿ynierskie";"Studia in¿ynierskie";1;1;Kobieta;Kobieta;"Niepe³ny etat";"Niepe³ny etat";"Mieszkam sam/a ze wsparciem rodziców";"Mieszkam sam/a ze wsparciem rodziców";Tak;Tak;;4;4;4;3;4;;1;1;4;4;4;;2;4;4;3;2;;2;3;;4;"2025-02-28 12:23:15"
;;Tak;Tak;"Technicznej –Politechnika.";"Technicznej –Politechnika.";"Kierunki przyrodnicze";"Kierunki przyrodnicze";22;22;"Studia in¿ynierskie";"Studia in¿ynierskie";3;3;Kobieta;Kobieta;"Niepe³ny etat";"Niepe³ny etat";"Mieszkam sam/a ze wsparciem rodziców";"Mieszkam sam/a ze wsparciem rodziców";Nie;Nie;;3;3;4;1;4;;1;4;3;2;2;;4;4;4;3;2;;1;4;;5;"2025-02-28 19:38:27"
;;Tak;Tak;"Technicznej –Politechnika.";"Technicznej –Politechnika.";"Kierunki ekonomiczne";"Kierunki ekonomiczne";25;25;"Studia magisterskie";"Studia magisterskie";2;2;Kobieta;Kobieta;"Pe³en etat";"Pe³en etat";"Utrzymujê siê sam/a";"Utrzymujê siê sam/a";Nie;Nie;;2;4;2;0;5;;1;2;5;5;4;;3;4;1;1;2;;0;0;;2;"2025-03-01 15:09:26"
;;Tak;Tak;"Technicznej –Politechnika.";"Technicznej –Politechnika.";"Kierunki Techniczne inne";"Kierunki Techniczne inne";21;21;"Studia in¿ynierskie";"Studia in¿ynierskie";2;2;Mê¿czyzna;Mê¿czyzna;"Mniej ni¿ 20h tygodniowo";"Mniej ni¿ 20h tygodniowo";"Mieszkam sam/a ze wsparciem rodziców";"Mieszkam sam/a ze wsparciem rodziców";Tak;Tak;;5;4;4;5;4;;4;3;3;4;4;;3;4;3;3;2;;1;4;;4;"2025-03-10 22:43:33"
;;Tak;Tak;"Technicznej –Politechnika.";"Technicznej –Politechnika.";"Kierunki ekonomiczne";"Kierunki ekonomiczne";25;25;"Studia magisterskie";"Studia magisterskie";1;1;Mê¿czyzna;Mê¿czyzna;"Pe³en etat";"Pe³en etat";inne;inne;Nie;Nie;;4;1;2;2;1;;1;2;4;2;4;;1;1;1;2;0;;3;3;;3;"2025-03-15 13:12:39"
;;Tak;Tak;"Technicznej –Politechnika.";"Technicznej –Politechnika.";"Kierunki ekonomiczne";"Kierunki ekonomiczne";25;25;"Studia magisterskie";"Studia magisterskie";1;1;Kobieta;Kobieta;"Pe³en etat";"Pe³en etat";"Utrzymujê siê sam/a";"Utrzymujê siê sam/a";Nie;Nie;;3;2;3;4;3;;4;4;2;5;4;;3;5;3;1;4;;2;3;;4;"2025-04-21 11:56:35"
;;Tak;Tak;"Technicznej –Politechnika.";"Technicznej –Politechnika.";"Kierunki Techniczne inne";"Kierunki Techniczne inne";24;24;"Studia in¿ynierskie";"Studia in¿ynierskie";4;4;Kobieta;Kobieta;Nie;Nie;"Mieszkam z rodzicami";"Mieszkam z rodzicami";Tak;Tak;;2;3;3;1;3;;1;2;4;3;2;;3;3;4;1;2;;3;2;;3;"2025-04-21 12:00:15"
;;Tak;Tak;"Humanistycznej – Uniwersytet";"Humanistycznej – Uniwersytet";"Kierunki prawnicze";"Kierunki prawnicze";23;23;"Studia magisterskie";"Studia magisterskie";3;3;Mê¿czyzna;Mê¿czyzna;Nie;Nie;"Mieszkam sam/a ze wsparciem rodziców";"Mieszkam sam/a ze wsparciem rodziców";Tak;Tak;;5;3;3;3;2;;1;1;1;4;4;;4;4;2;5;5;;5;3;;4;"2025-04-21 12:29:13"
;;Tak;Tak;"Technicznej –Politechnika.";"Technicznej –Politechnika.";Informatyczny/Elektroniczny;Informatyczny/Elektroniczny;24;24;"Studia magisterskie";"Studia magisterskie";4;4;Mê¿czyzna;Mê¿czyzna;"Pe³en etat";"Pe³en etat";"Utrzymujê siê sam/a";"Utrzymujê siê sam/a";Tak;Tak;;3;5;2;3;5;;4;4;3;1;3;;2;5;5;4;2;;1;1;;1;"2025-04-21 12:44:06"
;;Tak;Tak;"Medycznej (np. Gumed)";"Medycznej (np. Gumed)";"Kierunki medyczne";"Kierunki medyczne";24;24;"Studia magisterskie";"Studia magisterskie";"5 lub wiêcej";"5 lub wiêcej";Mê¿czyzna;Mê¿czyzna;Nie;Nie;"Mieszkam sam/a ze wsparciem rodziców";"Mieszkam sam/a ze wsparciem rodziców";"To skomplikowane";"To skomplikowane";;1;4;3;2;3;;1;4;1;2;3;;3;3;2;2;3;;2;2;;2;"2025-04-21 12:44:48"
;;Tak;Tak;"Humanistycznej – Uniwersytet";"Humanistycznej – Uniwersytet";"Kierunki spo³eczne";"Kierunki spo³eczne";24;24;"Studia magisterskie";"Studia magisterskie";"5 lub wiêcej";"5 lub wiêcej";Mê¿czyzna;Mê¿czyzna;Nie;Nie;"Mieszkam z rodzicami";"Mieszkam z rodzicami";Tak;Tak;;1;5;4;2;1;;5;1;0;1;1;;4;4;3;2;1;;4;0;;4;"2025-04-21 12:45:04"
;;Tak;Tak;"Humanistycznej – Uniwersytet";"Humanistycznej – Uniwersytet";Inne;Inne;24;24;"Studia podyplomowe";"Studia podyplomowe";"5 lub wiêcej";"5 lub wiêcej";Kobieta;Kobieta;"Pe³en etat";"Pe³en etat";"Mieszkam sam/a ze wsparciem rodziców";"Mieszkam sam/a ze wsparciem rodziców";Nie;Nie;;1;4;5;2;5;;1;2;0;1;2;;4;4;5;3;3;;1;0;;0;"2025-04-21 13:08:22"
;;Tak;Tak;Innej;Innej;"Kierunki prawnicze";"Kierunki prawnicze";21;21;"Studia licencjackie";"Studia licencjackie";3;3;Mê¿czyzna;Mê¿czyzna;Nie;Nie;"Mieszkam z rodzicami";"Mieszkam z rodzicami";Tak;Tak;;2;0;3;2;0;;0;4;1;3;3;;5;0;5;3;1;;3;2;;0;"2025-04-21 13:52:59"
;;Nie;Nie;;;;;24;24;;;;;Kobieta;Kobieta;"Pe³en etat";"Pe³en etat";"Mieszkam sam/a ze wsparciem rodziców";"Mieszkam sam/a ze wsparciem rodziców";Tak;Tak;;1;3;2;3;2;;2;2;2;1;2;;2;3;1;2;3;;1;1;;4;"2025-04-21 14:15:46"
;;Nie;Nie;"Technicznej –Politechnika.";"Technicznej –Politechnika.";"Kierunki Techniczne inne";"Kierunki Techniczne inne";26;26;"Studia in¿ynierskie";"Studia in¿ynierskie";4;4;Mê¿czyzna;Mê¿czyzna;"Pe³en etat";"Pe³en etat";"Utrzymujê siê sam/a";"Utrzymujê siê sam/a";Nie;Nie;;4;4;;3;3;;2;2;3;3;3;;4;3;3;2;2;;3;2;;3;"2025-04-22 08:13:49"
;;Tak;Tak;"Ekonomiczne ";"Ekonomiczne ";Ekonomiczny;Ekonomiczny;22;22;"Studia magisterskie";"Studia magisterskie";1;1;Mê¿czyzna;Mê¿czyzna;"Niepe³ny etat";"Niepe³ny etat";"Mieszkam sam/a ze wsparciem rodziców";"Mieszkam sam/a ze wsparciem rodziców";Nie;Nie;;2;2;4;2;1;;4;5;3;2;1;;2;4;4;3;2;;3;2;;3;"2025-04-23 08:24:26"
;;Tak;Tak;"Technicznej –Politechnika.";"Technicznej –Politechnika.";Ekonomiczny;Ekonomiczny;22;22;"Studia magisterskie";"Studia magisterskie";1;1;Kobieta;Kobieta;"Pe³en etat";"Pe³en etat";"Utrzymujê siê sam/a";"Utrzymujê siê sam/a";Nie;Nie;;5;4;5;2;4;;4;4;0;2;2;;4;4;5;4;4;;1;4;;2;"2025-04-27 07:55:17"
;;Tak;Tak;"Technicznej –Politechnika.";"Technicznej –Politechnika.";"Kierunki ekonomiczne";"Kierunki ekonomiczne";22;22;"Studia magisterskie";"Studia magisterskie";1;1;Kobieta;Kobieta;"Pe³en etat";"Pe³en etat";"Mieszkam sam/a ze wsparciem rodziców";"Mieszkam sam/a ze wsparciem rodziców";Nie;Nie;;3;2;4;4;3;;1;1;5;5;3;;3;3;1;2;4;;0;1;;4;"2025-04-27 08:01:03"
;;Tak;Tak;"Ekonomiczne ";"Ekonomiczne ";"Kierunki ekonomiczne";"Kierunki ekonomiczne";23;23;"Studia magisterskie";"Studia magisterskie";1;1;Kobieta;Kobieta;"Niepe³ny etat";"Niepe³ny etat";"Mieszkam z rodzicami";"Mieszkam z rodzicami";Tak;Tak;;2;2;4;2;4;;0;1;2;3;1;;5;5;5;3;3;;2;2;;4;"2025-04-27 08:12:22"
;;Tak;Tak;Innej;Innej;"Kierunki prawnicze";"Kierunki prawnicze";22;22;"Studia magisterskie";"Studia magisterskie";3;3;Kobieta;Kobieta;"Niepe³ny etat";"Niepe³ny etat";"Mieszkam z rodzicami";"Mieszkam z rodzicami";Tak;Tak;;0;2;2;0;0;;1;2;4;5;5;;2;2;1;5;5;;5;2;;3;"2025-04-27 08:26:56"
;;Tak;Tak;"Technicznej –Politechnika.";"Technicznej –Politechnika.";Ekonomiczny;Ekonomiczny;22;22;"Studia magisterskie";"Studia magisterskie";1;1;Kobieta;Kobieta;"Niepe³ny etat";"Niepe³ny etat";"Mieszkam z rodzicami";"Mieszkam z rodzicami";Nie;Nie;;5;5;4;5;5;;2;3;5;4;3;;3;5;4;3;2;;0;0;;3;"2025-04-27 09:07:42"
;;Tak;Tak;"Technicznej –Politechnika.";"Technicznej –Politechnika.";"Kierunki ekonomiczne";"Kierunki ekonomiczne";24;24;"Studia magisterskie";"Studia magisterskie";1;1;Kobieta;Kobieta;"Pe³en etat";"Pe³en etat";"Utrzymujê siê sam/a";"Utrzymujê siê sam/a";Nie;Nie;;4;4;5;4;4;;1;4;4;5;3;;4;4;5;2;1;;0;0;;3;"2025-04-27 09:10:03"
;;Tak;Tak;"Technicznej –Politechnika.";"Technicznej –Politechnika.";"Kierunki ekonomiczne";"Kierunki ekonomiczne";24;24;"Studia magisterskie";"Studia magisterskie";1;1;Kobieta;Kobieta;"Pe³en etat";"Pe³en etat";"Utrzymujê siê sam/a";"Utrzymujê siê sam/a";Nie;Nie;;1;4;4;2;2;;0;2;2;2;2;;4;4;4;2;2;;2;2;;3;"2025-04-27 09:18:15"
;;Tak;Tak;Innej;Innej;Informatyczny/Elektroniczny;Informatyczny/Elektroniczny;23;23;"Studia in¿ynierskie";"Studia in¿ynierskie";3;3;Mê¿czyzna;Mê¿czyzna;"Pe³en etat";"Pe³en etat";"Utrzymujê siê sam/a";"Utrzymujê siê sam/a";Nie;Nie;;1;3;3;1;2;;1;2;1;3;1;;3;3;2;2;4;;1;1;;4;"2025-04-28 08:14:28"
;;Tak;Tak;"Technicznej –Politechnika.";"Technicznej –Politechnika.";"Kierunki ekonomiczne";"Kierunki ekonomiczne";20;20;"Studia licencjackie";"Studia licencjackie";1;1;Mê¿czyzna;Mê¿czyzna;Nie;Nie;"Mieszkam sam/a ze wsparciem rodziców";"Mieszkam sam/a ze wsparciem rodziców";Tak;Tak;;0;5;3;2;3;;0;2;2;5;4;;2;3;2;3;3;;4;2;;3;"2025-04-29 17:51:25"
;;Tak;Tak;"Technicznej –Politechnika.";"Technicznej –Politechnika.";"Kierunki ekonomiczne";"Kierunki ekonomiczne";24;24;"Studia magisterskie";"Studia magisterskie";4;4;Kobieta;Kobieta;Nie;Nie;"Mieszkam sam/a ze wsparciem rodziców";"Mieszkam sam/a ze wsparciem rodziców";Nie;Nie;;2;4;4;1;3;;0;3;2;2;1;;4;4;4;1;1;;1;2;;2;"2025-04-29 19:48:58"
;;Tak;Tak;"Technicznej –Politechnika.";"Technicznej –Politechnika.";"Kierunki ekonomiczne";"Kierunki ekonomiczne";23;23;"Studia magisterskie";"Studia magisterskie";1;1;Mê¿czyzna;Mê¿czyzna;Nie;Nie;"Mieszkam z rodzicami";"Mieszkam z rodzicami";Tak;Tak;;4;3;5;5;4;;1;0;2;3;5;;3;4;4;1;3;;4;2;;1;"2025-04-29 19:49:15"
;;Tak;Tak;"Technicznej –Politechnika.";"Technicznej –Politechnika.";"Kierunki ekonomiczne";"Kierunki ekonomiczne";23;23;"Studia magisterskie";"Studia magisterskie";4;4;Kobieta;Kobieta;"Pe³en etat";"Pe³en etat";"Utrzymujê siê sam/a";"Utrzymujê siê sam/a";Tak;Tak;;4;3;4;2;4;;1;3;2;5;2;;4;4;2;5;4;;5;3;;3;"2025-04-29 19:55:29"
;;Tak;Tak;"Technicznej –Politechnika.";"Technicznej –Politechnika.";"Kierunki ekonomiczne";"Kierunki ekonomiczne";22;22;"Studia magisterskie";"Studia magisterskie";4;4;Mê¿czyzna;Mê¿czyzna;Nie;Nie;"Mieszkam z rodzicami";"Mieszkam z rodzicami";Nie;Nie;;2;3;3;3;1;;0;4;2;3;2;;3;2;3;4;3;;3;3;;4;"2025-04-29 19:56:18"
;;Tak;Tak;"Ekonomiczne ";"Ekonomiczne ";"Kierunki ekonomiczne";"Kierunki ekonomiczne";23;23;"Studia magisterskie";"Studia magisterskie";"5 lub wiêcej";"5 lub wiêcej";Mê¿czyzna;Mê¿czyzna;"Niepe³ny etat";"Niepe³ny etat";"Mieszkam sam/a ze wsparciem rodziców";"Mieszkam sam/a ze wsparciem rodziców";Tak;Tak;;2;4;4;4;1;;0;0;5;5;3;;5;3;4;3;0;;3;1;;3;"2025-04-29 19:57:08"
;;Tak;Tak;"Humanistycznej – Uniwersytet";"Humanistycznej – Uniwersytet";"Kierunki humanistyczne";"Kierunki humanistyczne";24;24;"Studia magisterskie";"Studia magisterskie";"5 lub wiêcej";"5 lub wiêcej";Kobieta;Kobieta;"Niepe³ny etat";"Niepe³ny etat";"Utrzymujê siê sam/a";"Utrzymujê siê sam/a";Nie;Nie;;1;2;3;3;3;;1;3;3;4;3;;3;2;3;2;2;;2;3;;3;"2025-04-29 19:58:00"
;;Tak;Tak;"Technicznej –Politechnika.";"Technicznej –Politechnika.";Ekonomiczny;Ekonomiczny;22;22;"Studia magisterskie";"Studia magisterskie";4;4;Kobieta;Kobieta;Nie;Nie;"Mieszkam z rodzicami";"Mieszkam z rodzicami";Nie;Nie;;4;2;3;5;2;;2;3;2;3;4;;3;2;2;2;3;;4;3;;3;"2025-04-29 19:59:28"
;;Nie;Nie;;;;;24;24;"Studia licencjackie";"Studia licencjackie";;;Kobieta;Kobieta;"Pe³en etat";"Pe³en etat";"Utrzymujê siê sam/a";"Utrzymujê siê sam/a";Nie;Nie;;4;1;2;2;1;;2;1;2;5;2;;3;3;2;4;4;;4;2;;3;"2025-04-29 20:00:58"
;;Tak;Tak;"Ekonomiczne ";"Ekonomiczne ";Ekonomiczny;Ekonomiczny;24;24;"Studia magisterskie";"Studia magisterskie";1;1;Mê¿czyzna;Mê¿czyzna;"Niepe³ny etat";"Niepe³ny etat";"Mieszkam z rodzicami";"Mieszkam z rodzicami";Tak;Tak;;5;4;3;2;3;;1;2;4;5;4;;4;4;2;3;2;;4;2;;3;"2025-04-29 20:02:16"
;;Tak;Tak;"Technicznej –Politechnika.";"Technicznej –Politechnika.";Ekonomiczny;Ekonomiczny;23;23;"Studia magisterskie";"Studia magisterskie";4;4;Kobieta;Kobieta;"Pe³en etat";"Pe³en etat";"Mieszkam sam/a ze wsparciem rodziców";"Mieszkam sam/a ze wsparciem rodziców";Tak;Tak;;5;0;5;2;3;;0;2;4;5;3;;4;4;4;2;2;;3;3;;2;"2025-04-29 20:38:07"
;;Tak;Tak;"Humanistycznej – Uniwersytet";"Humanistycznej – Uniwersytet";"Kierunki ekonomiczne";"Kierunki ekonomiczne";21;21;"Studia magisterskie";"Studia magisterskie";4;4;Kobieta;Kobieta;"Niepe³ny etat";"Niepe³ny etat";"Mieszkam sam/a ze wsparciem rodziców";"Mieszkam sam/a ze wsparciem rodziców";Tak;Tak;;4;3;5;4;2;;1;4;4;5;1;;4;4;4;3;2;;2;3;;4;"2025-04-29 21:02:12"
;;Tak;Tak;"Humanistycznej – Uniwersytet";"Humanistycznej – Uniwersytet";"Kierunki prawnicze";"Kierunki prawnicze";24;24;"Studia magisterskie";"Studia magisterskie";"5 lub wiêcej";"5 lub wiêcej";Mê¿czyzna;Mê¿czyzna;"Pe³en etat";"Pe³en etat";"Mieszkam sam/a ze wsparciem rodziców";"Mieszkam sam/a ze wsparciem rodziców";Nie;Nie;;5;4;3;2;3;;1;4;5;5;3;;4;4;4;1;1;;3;2;;4;"2025-04-29 21:19:33"
;;Tak;Tak;"Humanistycznej – Uniwersytet";"Humanistycznej – Uniwersytet";"Kierunki prawnicze";"Kierunki prawnicze";24;24;"Studia magisterskie";"Studia magisterskie";"5 lub wiêcej";"5 lub wiêcej";Kobieta;Kobieta;"Niepe³ny etat";"Niepe³ny etat";"Mieszkam z rodzicami";"Mieszkam z rodzicami";Tak;Tak;;2;4;5;2;0;;0;4;3;1;2;;3;3;1;2;4;;2;2;;4;"2025-04-29 21:51:00"
;;Tak;Tak;"Humanistycznej – Uniwersytet";"Humanistycznej – Uniwersytet";"Kierunki prawnicze";"Kierunki prawnicze";23;23;"Studia magisterskie";"Studia magisterskie";"5 lub wiêcej";"5 lub wiêcej";Mê¿czyzna;Mê¿czyzna;"Pe³en etat";"Pe³en etat";"Utrzymujê siê sam/a";"Utrzymujê siê sam/a";Nie;Nie;;1;4;2;2;4;;0;1;1;3;2;;4;3;3;1;2;;2;1;;2;"2025-04-29 21:54:07"
;;Nie;Nie;"Humanistycznej – Uniwersytet";"Humanistycznej – Uniwersytet";"Kierunki humanistyczne";"Kierunki humanistyczne";33;33;Inne;Inne;1;1;Mê¿czyzna;Mê¿czyzna;"Pe³en etat";"Pe³en etat";"Utrzymujê siê sam/a";"Utrzymujê siê sam/a";Tak;Tak;;4;2;2;4;3;;1;3;4;4;4;;3;3;3;3;3;;3;3;;3;"2025-04-29 21:55:21"
;;Tak;Tak;"Medycznej (np. Gumed)";"Medycznej (np. Gumed)";"Kierunki medyczne";"Kierunki medyczne";21;21;"Studia licencjackie";"Studia licencjackie";3;3;Kobieta;Kobieta;"Niepe³ny etat";"Niepe³ny etat";"Mieszkam z rodzicami";"Mieszkam z rodzicami";Tak;Tak;;4;3;4;3;3;;1;4;2;3;3;;4;4;5;4;3;;3;4;;5;"2025-04-29 23:00:18"
;;Tak;Tak;"Technicznej –Politechnika.";"Technicznej –Politechnika.";"Kierunki przyrodnicze";"Kierunki przyrodnicze";20;20;"Studia in¿ynierskie";"Studia in¿ynierskie";1;1;Kobieta;Kobieta;Nie;Nie;"Mieszkam sam/a ze wsparciem rodziców";"Mieszkam sam/a ze wsparciem rodziców";Nie;Nie;;3;2;5;1;2;;1;3;4;4;3;;4;4;3;2;3;;1;5;;5;"2025-04-29 23:04:51"
;;Tak;Tak;"Medycznej (np. Gumed)";"Medycznej (np. Gumed)";"Kierunki medyczne";"Kierunki medyczne";21;21;"Studia licencjackie";"Studia licencjackie";3;3;Kobieta;Kobieta;"Pe³en etat";"Pe³en etat";"Mieszkam z rodzicami";"Mieszkam z rodzicami";Tak;Tak;;5;4;5;2;3;;0;3;1;3;3;;4;5;3;2;3;;1;1;;2;"2025-04-30 07:28:37"
;;Tak;Tak;"Technicznej –Politechnika.";"Technicznej –Politechnika.";Ekonomiczny;Ekonomiczny;22;22;"Studia magisterskie";"Studia magisterskie";1;1;Kobieta;Kobieta;Nie;Nie;"Mieszkam z rodzicami";"Mieszkam z rodzicami";Tak;Tak;;3;2;5;1;5;;3;3;1;1;0;;5;5;5;3;0;;3;3;;5;"2025-04-30 11:58:24"
;;Tak;Tak;"Technicznej –Politechnika.";"Technicznej –Politechnika.";"Kierunki ekonomiczne";"Kierunki ekonomiczne";22;22;"Studia magisterskie";"Studia magisterskie";1;1;Mê¿czyzna;Mê¿czyzna;Nie;Nie;"Mieszkam sam/a ze wsparciem rodziców";"Mieszkam sam/a ze wsparciem rodziców";Nie;Nie;;2;5;3;4;4;;0;2;5;4;2;;4;4;4;4;1;;1;3;;2;"2025-04-30 18:30:37"
;;Tak;Tak;"Technicznej –Politechnika.";"Technicznej –Politechnika.";"Kierunki ekonomiczne";"Kierunki ekonomiczne";22;22;"Studia magisterskie";"Studia magisterskie";1;1;Mê¿czyzna;Mê¿czyzna;Nie;Nie;"Mieszkam z rodzicami";"Mieszkam z rodzicami";Tak;Tak;;2;1;3;4;4;;2;4;4;4;5;;1;3;1;2;4;;3;3;;3;"2025-05-04 12:01:17"
;;Tak;Tak;"Technicznej –Politechnika.";"Technicznej –Politechnika.";"Kierunki ekonomiczne";"Kierunki ekonomiczne";23;23;"Studia magisterskie";"Studia magisterskie";1;1;Kobieta;Kobieta;Nie;Nie;"Mieszkam z rodzicami";"Mieszkam z rodzicami";Tak;Tak;;2;5;4;4;5;;1;3;3;3;5;;2;5;4;0;2;;0;3;;3;"2025-05-04 16:41:13"
;;Nie;Nie;Innej;Innej;Inne;Inne;23;23;Inne;Inne;2;2;Mê¿czyzna;Mê¿czyzna;"Pe³en etat";"Pe³en etat";"Utrzymujê siê sam/a";"Utrzymujê siê sam/a";Nie;Nie;;3;3;2;2;2;;0;0;1;2;1;;3;3;4;1;3;;1;4;;3;"2025-05-09 16:26:52"
;;Tak;Tak;"Technicznej –Politechnika.";"Technicznej –Politechnika.";"Kierunki przyrodnicze";"Kierunki przyrodnicze";20;20;"Studia in¿ynierskie";"Studia in¿ynierskie";2;2;Mê¿czyzna;Mê¿czyzna;Nie;Nie;"Mieszkam z rodzicami";"Mieszkam z rodzicami";Nie;Nie;;0;4;4;1;5;;0;5;1;0;0;;5;5;0;5;5;;4;2;;4;"2025-05-09 16:32:30"
;;Tak;Tak;"Humanistycznej – Uniwersytet";"Humanistycznej – Uniwersytet";"Kierunki prawnicze";"Kierunki prawnicze";22;22;"Studia magisterskie";"Studia magisterskie";4;4;Kobieta;Kobieta;Nie;Nie;"Mieszkam z rodzicami";"Mieszkam z rodzicami";Nie;Nie;;2;4;4;2;4;;1;1;1;3;1;;3;3;4;5;4;;3;3;;5;"2025-05-09 16:34:02"
;;Tak;Tak;"Medycznej (np. Gumed)";"Medycznej (np. Gumed)";"Kierunki medyczne";"Kierunki medyczne";30;30;"Studia magisterskie";"Studia magisterskie";"5 lub wiêcej";"5 lub wiêcej";Mê¿czyzna;Mê¿czyzna;"Niepe³ny etat";"Niepe³ny etat";"Utrzymujê siê sam/a";"Utrzymujê siê sam/a";Nie;Nie;;2;2;1;2;3;;0;3;4;4;4;;2;1;1;4;3;;5;2;;3;"2025-05-09 16:35:25"
;;Tak;Tak;Innej;Innej;"Kierunki prawnicze";"Kierunki prawnicze";22;22;"Studia magisterskie";"Studia magisterskie";3;3;Kobieta;Kobieta;"Niepe³ny etat";"Niepe³ny etat";"Mieszkam z rodzicami";"Mieszkam z rodzicami";Tak;Tak;;3;4;3;2;0;;1;2;5;5;5;;3;2;2;5;5;;5;2;;4;"2025-05-09 16:36:41"
;;Tak;Tak;"Technicznej –Politechnika.";"Technicznej –Politechnika.";"Kierunki ekonomiczne";"Kierunki ekonomiczne";21;21;"Studia magisterskie";"Studia magisterskie";1;1;Kobieta;Kobieta;"Pe³en etat";"Pe³en etat";"Mieszkam z rodzicami";"Mieszkam z rodzicami";Tak;Tak;;3;4;5;4;3;;1;2;3;2;1;;1;3;2;5;4;;5;1;;2;"2025-05-09 16:44:41"
;;Tak;Tak;"Technicznej –Politechnika.";"Technicznej –Politechnika.";"Kierunki Techniczne inne";"Kierunki Techniczne inne";21;21;"Studia in¿ynierskie";"Studia in¿ynierskie";3;3;Kobieta;Kobieta;"Mniej ni¿ 20h tygodniowo";"Mniej ni¿ 20h tygodniowo";"Mieszkam z rodzicami";"Mieszkam z rodzicami";Nie;Nie;;4;1;3;4;1;;1;3;5;5;4;;3;2;3;3;2;;4;3;;3;"2025-05-09 16:48:13"
;;Tak;Tak;Innej;Innej;Inne;Inne;22;22;"Studia licencjackie";"Studia licencjackie";3;3;Kobieta;Kobieta;"Niepe³ny etat";"Niepe³ny etat";"Mieszkam z rodzicami";"Mieszkam z rodzicami";Tak;Tak;;1;5;4;4;4;;0;4;5;5;3;;3;3;3;2;5;;4;3;;1;"2025-05-09 16:51:41"
;;Tak;Tak;;;Inne;Inne;23;23;"Studia licencjackie";"Studia licencjackie";3;3;Mê¿czyzna;Mê¿czyzna;"Niepe³ny etat";"Niepe³ny etat";"Mieszkam z rodzicami";"Mieszkam z rodzicami";"To skomplikowane";"To skomplikowane";;4;2;0;3;2;;0;2;1;1;3;;3;3;0;3;0;;4;0;;3;"2025-05-09 17:02:00"
;;Tak;Tak;"Humanistycznej – Uniwersytet";"Humanistycznej – Uniwersytet";Inne;Inne;20;20;"Studia licencjackie";"Studia licencjackie";1;1;Kobieta;Kobieta;"Mniej ni¿ 20h tygodniowo";"Mniej ni¿ 20h tygodniowo";"Mieszkam z rodzicami";"Mieszkam z rodzicami";Tak;Tak;;3;5;5;2;4;;3;4;2;2;2;;4;5;5;3;2;;1;2;;4;"2025-05-09 17:02:09"
;;Tak;Tak;"Medycznej (np. Gumed)";"Medycznej (np. Gumed)";"Kierunki medyczne";"Kierunki medyczne";22;22;"Studia magisterskie";"Studia magisterskie";3;3;Kobieta;Kobieta;Nie;Nie;"Mieszkam sam/a ze wsparciem rodziców";"Mieszkam sam/a ze wsparciem rodziców";Tak;Tak;;4;4;4;1;2;;0;2;3;4;2;;5;5;5;2;2;;1;4;;5;"2025-05-09 17:05:20"
;;Nie;Nie;;;;;;;;;;;Kobieta;Kobieta;"Pe³en etat";"Pe³en etat";"Utrzymujê siê sam/a";"Utrzymujê siê sam/a";Tak;Tak;;3;3;3;5;3;;0;2;0;3;0;;3;2;4;3;3;;3;0;;0;"2025-05-09 17:21:06"
;;Tak;Tak;"Humanistycznej – Uniwersytet";"Humanistycznej – Uniwersytet";"Kierunki prawnicze";"Kierunki prawnicze";25;25;"Studia licencjackie";"Studia licencjackie";2;2;Mê¿czyzna;Mê¿czyzna;"Pe³en etat";"Pe³en etat";"Mieszkam z rodzicami";"Mieszkam z rodzicami";Tak;Tak;;3;2;1;1;3;;1;2;0;2;0;;2;2;1;2;1;;2;1;;3;"2025-05-09 17:22:30"
;;Tak;Tak;"Humanistycznej – Uniwersytet";"Humanistycznej – Uniwersytet";Inne;Inne;25;25;"Studia in¿ynierskie";"Studia in¿ynierskie";4;4;Mê¿czyzna;Mê¿czyzna;"Mniej ni¿ 20h tygodniowo";"Mniej ni¿ 20h tygodniowo";"Mieszkam sam/a ze wsparciem rodziców";"Mieszkam sam/a ze wsparciem rodziców";Nie;Nie;;2;5;4;1;3;;0;2;3;3;2;;1;2;0;4;4;;2;3;;2;"2025-05-09 17:29:05"
;;Tak;Tak;"Technicznej –Politechnika.";"Technicznej –Politechnika.";"Kierunki Techniczne inne";"Kierunki Techniczne inne";23;23;"Studia in¿ynierskie";"Studia in¿ynierskie";4;4;Kobieta;Kobieta;"Niepe³ny etat";"Niepe³ny etat";"Mieszkam z rodzicami";"Mieszkam z rodzicami";Nie;Nie;;5;2;5;5;2;;0;4;0;2;5;;2;3;5;4;4;;3;3;;4;"2025-05-09 17:57:38"
;;Tak;Tak;"Technicznej –Politechnika.";"Technicznej –Politechnika.";"Kierunki ekonomiczne";"Kierunki ekonomiczne";24;24;"Studia magisterskie";"Studia magisterskie";1;1;Kobieta;Kobieta;"Pe³en etat";"Pe³en etat";"Mieszkam z rodzicami";"Mieszkam z rodzicami";Tak;Tak;;5;4;5;4;4;;0;3;2;1;2;;2;5;4;3;1;;2;0;;4;"2025-05-09 18:17:07"
;;Tak;Tak;"Humanistycznej – Uniwersytet";"Humanistycznej – Uniwersytet";"Kierunki medyczne";"Kierunki medyczne";22;22;"Studia licencjackie";"Studia licencjackie";2;2;Kobieta;Kobieta;"Pe³en etat";"Pe³en etat";"Mieszkam z rodzicami";"Mieszkam z rodzicami";Nie;Nie;;5;3;4;3;3;;0;2;5;5;3;;5;4;5;3;3;;3;3;;3;"2025-05-09 18:24:53"
;;Tak;Tak;"Ekonomiczne ";"Ekonomiczne ";"Kierunki ekonomiczne";"Kierunki ekonomiczne";21;21;"Studia licencjackie";"Studia licencjackie";2;2;Kobieta;Kobieta;"Niepe³ny etat";"Niepe³ny etat";"Mieszkam z rodzicami";"Mieszkam z rodzicami";Nie;Nie;;4;3;4;2;5;;2;4;2;4;2;;4;4;4;3;3;;1;3;;4;"2025-05-09 18:32:06"
;;Tak;Tak;"Humanistycznej – Uniwersytet";"Humanistycznej – Uniwersytet";Inne;Inne;22;22;"Studia magisterskie";"Studia magisterskie";1;1;Mê¿czyzna;Mê¿czyzna;"Pe³en etat";"Pe³en etat";"Utrzymujê siê sam/a";"Utrzymujê siê sam/a";Nie;Nie;;2;3;3;1;2;;0;2;3;4;2;;3;3;3;1;3;;1;1;;2;"2025-05-09 18:34:00"
;;Tak;Tak;"Technicznej –Politechnika.";"Technicznej –Politechnika.";Matematyczny/Fizyczny;Matematyczny/Fizyczny;22;22;"Studia magisterskie";"Studia magisterskie";1;1;Kobieta;Kobieta;Nie;Nie;"Mieszkam z rodzicami";"Mieszkam z rodzicami";Nie;Nie;;2;1;3;2;1;;0;0;3;3;3;;3;5;5;3;3;;3;5;;4;"2025-05-09 19:20:54"
;;Tak;Tak;"Humanistycznej – Uniwersytet";"Humanistycznej – Uniwersytet";"Kierunki humanistyczne";"Kierunki humanistyczne";20;20;"Studia magisterskie";"Studia magisterskie";1;1;Kobieta;Kobieta;"Pe³en etat";"Pe³en etat";"Mieszkam z rodzicami";"Mieszkam z rodzicami";Nie;Nie;;3;2;2;2;3;;2;3;1;1;1;;2;3;2;5;3;;3;4;;3;"2025-05-09 20:20:11"
;;Tak;Tak;Innej;Innej;"Kierunki pedagogiczne";"Kierunki pedagogiczne";20;20;"Studia licencjackie";"Studia licencjackie";1;1;Kobieta;Kobieta;"Niepe³ny etat";"Niepe³ny etat";"Mieszkam z rodzicami";"Mieszkam z rodzicami";Tak;Tak;;0;3;4;2;5;;1;2;2;2;1;;2;4;4;2;2;;1;2;;4;"2025-05-09 21:59:49"
;;Tak;Tak;"Technicznej –Politechnika.";"Technicznej –Politechnika.";"Kierunki ekonomiczne";"Kierunki ekonomiczne";23;23;"Studia in¿ynierskie";"Studia in¿ynierskie";2;2;Mê¿czyzna;Mê¿czyzna;"Mniej ni¿ 20h tygodniowo";"Mniej ni¿ 20h tygodniowo";"Mieszkam z rodzicami";"Mieszkam z rodzicami";Nie;Nie;;4;4;4;2;5;;1;1;4;4;4;;3;3;4;1;3;;2;1;;2;"2025-05-10 14:24:44"
;;Tak;Tak;Innej;Innej;Inne;Inne;24;24;"Studia magisterskie";"Studia magisterskie";1;1;Kobieta;Kobieta;"Pe³en etat";"Pe³en etat";"Mieszkam z rodzicami";"Mieszkam z rodzicami";Tak;Tak;;0;2;1;3;3;;0;3;3;3;3;;0;0;1;5;3;;3;4;;4;"2025-05-11 01:11:35"
;;Tak;Tak;"Medycznej (np. Gumed)";"Medycznej (np. Gumed)";Inne;Inne;23;23;"Studia magisterskie";"Studia magisterskie";4;4;Kobieta;Kobieta;"Pe³en etat";"Pe³en etat";"Utrzymujê siê sam/a";"Utrzymujê siê sam/a";Nie;Nie;;3;5;5;5;4;;5;4;2;3;3;;5;5;5;2;2;;0;1;;2;"2025-05-11 01:32:24"
;;Tak;Tak;"Medycznej (np. Gumed)";"Medycznej (np. Gumed)";"Kierunki medyczne";"Kierunki medyczne";"35 i wiêcej";"35 i wiêcej";"Studia magisterskie";"Studia magisterskie";1;1;Kobieta;Kobieta;"Pe³en etat";"Pe³en etat";"Utrzymujê siê sam/a";"Utrzymujê siê sam/a";Nie;Nie;;5;2;4;4;0;;0;1;5;4;4;;4;5;3;4;4;;1;1;;0;"2025-05-11 06:50:45"
;;Tak;Tak;Innej;Innej;Inne;Inne;23;23;"Studia magisterskie";"Studia magisterskie";1;1;Kobieta;Kobieta;"Pe³en etat";"Pe³en etat";"Utrzymujê siê sam/a";"Utrzymujê siê sam/a";Nie;Nie;;4;3;5;4;3;;3;5;4;5;4;;5;5;5;3;0;;5;4;;4;"2025-05-11 09:41:00"
;;Tak;Tak;"Ekonomiczne ";"Ekonomiczne ";Ekonomiczny;Ekonomiczny;25;25;"Studia magisterskie";"Studia magisterskie";4;4;Mê¿czyzna;Mê¿czyzna;"Pe³en etat";"Pe³en etat";"Mieszkam sam/a ze wsparciem rodziców";"Mieszkam sam/a ze wsparciem rodziców";Tak;Tak;;2;5;4;4;3;;3;3;4;4;4;;3;4;4;4;4;;4;2;;3;"2025-05-13 13:53:36"
;;Tak;Tak;"Technicznej –Politechnika.";"Technicznej –Politechnika.";"Kierunki ekonomiczne";"Kierunki ekonomiczne";23;23;"Studia magisterskie";"Studia magisterskie";1;1;Mê¿czyzna;Mê¿czyzna;"Pe³en etat";"Pe³en etat";"Mieszkam sam/a ze wsparciem rodziców";"Mieszkam sam/a ze wsparciem rodziców";Nie;Nie;;1;3;2;3;2;;0;2;2;3;2;;3;3;3;3;2;;2;2;;3;"2025-05-13 14:09:14"
;;Tak;Tak;"Technicznej –Politechnika.";"Technicznej –Politechnika.";"Kierunki ekonomiczne";"Kierunki ekonomiczne";24;24;"Studia magisterskie";"Studia magisterskie";1;1;Mê¿czyzna;Mê¿czyzna;"Pe³en etat";"Pe³en etat";"Utrzymujê siê sam/a";"Utrzymujê siê sam/a";Nie;Nie;;2;3;4;3;2;;0;3;3;3;2;;3;3;4;4;2;;2;2;;4;"2025-05-16 11:30:48"
;;Tak;Tak;"Technicznej –Politechnika.";"Technicznej –Politechnika.";"Kierunki ekonomiczne";"Kierunki ekonomiczne";21;21;"Studia licencjackie";"Studia licencjackie";2;2;Kobieta;Kobieta;Nie;Nie;"Mieszkam sam/a ze wsparciem rodziców";"Mieszkam sam/a ze wsparciem rodziców";Nie;Nie;;3;2;3;4;2;;1;3;4;5;4;;3;3;3;2;4;;4;2;;3;"2025-05-16 11:30:52"
;;Tak;Tak;"Technicznej –Politechnika.";"Technicznej –Politechnika.";"Kierunki ekonomiczne";"Kierunki ekonomiczne";21;21;"Studia licencjackie";"Studia licencjackie";3;3;Kobieta;Kobieta;"Niepe³ny etat";"Niepe³ny etat";"Mieszkam z rodzicami";"Mieszkam z rodzicami";Nie;Nie;;4;0;2;4;1;;2;1;3;4;3;;2;1;0;3;5;;3;2;;3;"2025-05-16 11:31:16"
;;Tak;Tak;"Technicznej –Politechnika.";"Technicznej –Politechnika.";Ekonomiczny;Ekonomiczny;21;21;"Studia licencjackie";"Studia licencjackie";3;3;Mê¿czyzna;Mê¿czyzna;Nie;Nie;"Mieszkam sam/a ze wsparciem rodziców";"Mieszkam sam/a ze wsparciem rodziców";Nie;Nie;;3;4;3;5;4;;2;2;5;5;4;;3;4;3;3;2;;3;2;;2;"2025-05-16 14:24:37"
;;Tak;Tak;"Technicznej –Politechnika.";"Technicznej –Politechnika.";"Kierunki ekonomiczne";"Kierunki ekonomiczne";21;21;"Studia licencjackie";"Studia licencjackie";3;3;Mê¿czyzna;Mê¿czyzna;Nie;Nie;"Mieszkam z rodzicami";"Mieszkam z rodzicami";Tak;Tak;;2;5;3;4;4;;3;2;4;3;3;;4;4;3;3;2;;2;2;;3;"2025-05-16 16:15:02"
;;Tak;Tak;"Technicznej –Politechnika.";"Technicznej –Politechnika.";"Kierunki Techniczne inne";"Kierunki Techniczne inne";19;19;"Studia in¿ynierskie";"Studia in¿ynierskie";2;2;Mê¿czyzna;Mê¿czyzna;Nie;Nie;"Mieszkam sam/a ze wsparciem rodziców";"Mieszkam sam/a ze wsparciem rodziców";Tak;Tak;;0;4;3;2;1;;3;3;3;4;5;;3;2;3;4;4;;4;1;;4;"2025-10-29 00:44:41"
;;Tak;Tak;Innej;Innej;Matematyczny/Fizyczny;Matematyczny/Fizyczny;19;19;"Studia licencjackie";"Studia licencjackie";1;1;Mê¿czyzna;Mê¿czyzna;Nie;Nie;"Mieszkam sam/a ze wsparciem rodziców";"Mieszkam sam/a ze wsparciem rodziców";Tak;Tak;;2;3;4;2;3;;0;3;2;3;3;;3;3;2;2;2;;1;4;;5;"2025-10-29 00:57:55"
;;Tak;Tak;"Humanistycznej – Uniwersytet";"Humanistycznej – Uniwersytet";"Kierunki pedagogiczne";"Kierunki pedagogiczne";26;26;"Studia magisterskie";"Studia magisterskie";4;4;Kobieta;Kobieta;"Niepe³ny etat";"Niepe³ny etat";"Mieszkam z rodzicami";"Mieszkam z rodzicami";Tak;Tak;;2;3;4;1;5;;5;4;0;0;4;;3;4;5;2;3;;1;4;;4;"2025-10-29 06:30:12"
;;Tak;Tak;"Humanistycznej – Uniwersytet";"Humanistycznej – Uniwersytet";"Kierunki Techniczne inne";"Kierunki Techniczne inne";21;21;"Studia licencjackie";"Studia licencjackie";2;2;Mê¿czyzna;Mê¿czyzna;Nie;Nie;"Mieszkam z rodzicami";"Mieszkam z rodzicami";Tak;Tak;;1;3;2;1;3;;2;2;1;2;2;;4;3;1;2;4;;1;2;;2;"2025-10-29 07:31:05"
;;Tak;Tak;"Humanistycznej – Uniwersytet";"Humanistycznej – Uniwersytet";"Kierunki spo³eczne";"Kierunki spo³eczne";19;19;"Studia licencjackie";"Studia licencjackie";1;1;Kobieta;Kobieta;Nie;Nie;"Mieszkam z rodzicami";"Mieszkam z rodzicami";Tak;Tak;;1;4;3;2;4;;3;2;0;2;3;;3;5;4;2;2;;2;3;;2;"2025-10-29 07:48:56"
;;Nie;Nie;"Medycznej (np. Gumed)";"Medycznej (np. Gumed)";"Kierunki medyczne";"Kierunki medyczne";25;25;"Studia podyplomowe";"Studia podyplomowe";1;1;Kobieta;Kobieta;"Pe³en etat";"Pe³en etat";"Mieszkam z rodzicami";"Mieszkam z rodzicami";Tak;Tak;;1;1;3;4;1;;1;0;5;5;5;;1;2;1;2;3;;3;3;;2;"2025-10-29 08:17:06"
;;Tak;Tak;"Technicznej –Politechnika.";"Technicznej –Politechnika.";"Kierunki Techniczne inne";"Kierunki Techniczne inne";19;19;"Studia in¿ynierskie";"Studia in¿ynierskie";1;1;Mê¿czyzna;Mê¿czyzna;Nie;Nie;"Mieszkam sam/a ze wsparciem rodziców";"Mieszkam sam/a ze wsparciem rodziców";Tak;Tak;;3;3;1;4;3;;0;3;5;5;5;;1;2;1;3;4;;5;3;;2;"2025-10-29 08:34:51"
;;Tak;Tak;"Humanistycznej – Uniwersytet";"Humanistycznej – Uniwersytet";Matematyczny/Fizyczny;Matematyczny/Fizyczny;22;22;"Studia licencjackie";"Studia licencjackie";2;2;Mê¿czyzna;Mê¿czyzna;Nie;Nie;"Mieszkam sam/a ze wsparciem rodziców";"Mieszkam sam/a ze wsparciem rodziców";Tak;Tak;;1;4;2;3;2;;0;1;3;3;2;;2;1;1;1;2;;1;1;;4;"2025-10-29 09:16:59"
;;Tak;Tak;"Humanistycznej – Uniwersytet";"Humanistycznej – Uniwersytet";"Kierunki humanistyczne";"Kierunki humanistyczne";20;20;"Studia licencjackie";"Studia licencjackie";2;2;Kobieta;Kobieta;"Mniej ni¿ 20h tygodniowo";"Mniej ni¿ 20h tygodniowo";"Mieszkam sam/a ze wsparciem rodziców";"Mieszkam sam/a ze wsparciem rodziców";Tak;Tak;;4;5;5;3;3;;4;3;1;4;3;;5;5;4;0;2;;;2;;1;"2025-10-29 10:15:48"
;;Tak;Tak;"Humanistycznej – Uniwersytet";"Humanistycznej – Uniwersytet";"Kierunki spo³eczne";"Kierunki spo³eczne";22;22;"Studia magisterskie";"Studia magisterskie";4;4;Kobieta;Kobieta;Nie;Nie;"Mieszkam sam/a ze wsparciem rodziców";"Mieszkam sam/a ze wsparciem rodziców";Nie;Nie;;2;5;5;1;4;;0;3;3;2;3;;4;3;5;2;2;;3;3;;4;"2025-10-29 10:40:32"
;;Tak;Tak;"Humanistycznej – Uniwersytet";"Humanistycznej – Uniwersytet";"Kierunki spo³eczne";"Kierunki spo³eczne";21;21;"Studia magisterskie";"Studia magisterskie";3;3;Kobieta;Kobieta;"Mniej ni¿ 20h tygodniowo";"Mniej ni¿ 20h tygodniowo";"Mieszkam sam/a ze wsparciem rodziców";"Mieszkam sam/a ze wsparciem rodziców";Nie;Nie;;2;5;2;0;3;;0;0;3;3;3;;5;0;3;0;3;;1;3;;2;"2025-10-29 12:14:00"
;;Tak;Tak;"Humanistycznej – Uniwersytet";"Humanistycznej – Uniwersytet";Ekonomiczny;Ekonomiczny;20;20;"Studia licencjackie";"Studia licencjackie";2;2;Kobieta;Kobieta;Nie;Nie;"Mieszkam sam/a ze wsparciem rodziców";"Mieszkam sam/a ze wsparciem rodziców";Tak;Tak;;1;3;3;0;4;;0;3;1;0;1;;4;5;3;1;3;;0;2;;3;"2025-10-29 14:44:16"
;;Tak;Tak;"Humanistycznej – Uniwersytet";"Humanistycznej – Uniwersytet";"Kierunki spo³eczne";"Kierunki spo³eczne";23;23;"Studia magisterskie";"Studia magisterskie";"5 lub wiêcej";"5 lub wiêcej";Kobieta;Kobieta;Nie;Nie;"Mieszkam sam/a ze wsparciem rodziców";"Mieszkam sam/a ze wsparciem rodziców";Tak;Tak;;1;4;3;3;3;;4;3;1;5;3;;4;4;3;2;2;;3;3;;4;"2025-10-29 17:06:13"
;;Tak;Tak;"Technicznej –Politechnika.";"Technicznej –Politechnika.";"Kierunki Techniczne inne";"Kierunki Techniczne inne";18;18;"Studia in¿ynierskie";"Studia in¿ynierskie";1;1;Kobieta;Kobieta;Nie;Nie;"Mieszkam sam/a ze wsparciem rodziców";"Mieszkam sam/a ze wsparciem rodziców";Tak;Tak;;1;5;5;3;4;;4;1;0;4;0;;4;5;5;1;1;;2;4;;4;"2025-10-29 17:19:54"
;;Tak;Tak;Innej;Innej;"Kierunki medyczne";"Kierunki medyczne";"35 i wiêcej";"35 i wiêcej";"Studia in¿ynierskie";"Studia in¿ynierskie";4;4;Mê¿czyzna;Mê¿czyzna;Nie;Nie;"Mieszkam z rodzicami";"Mieszkam z rodzicami";Tak;Tak;;0;0;2;;0;;0;3;5;5;5;;2;0;0;5;4;;5;4;;4;"2025-10-29 20:23:28"
;;Tak;Tak;"Humanistycznej – Uniwersytet";"Humanistycznej – Uniwersytet";"Kierunki humanistyczne";"Kierunki humanistyczne";19;19;"Studia licencjackie";"Studia licencjackie";1;1;Mê¿czyzna;Mê¿czyzna;Nie;Nie;"Mieszkam z rodzicami";"Mieszkam z rodzicami";Tak;Tak;;2;3;2;5;4;;1;0;3;5;5;;1;0;1;3;1;;4;2;;0;"2025-10-29 22:27:20"
;;Tak;Tak;"Technicznej –Politechnika.";"Technicznej –Politechnika.";Inne;Inne;25;25;"Studia in¿ynierskie";"Studia in¿ynierskie";3;3;Mê¿czyzna;Mê¿czyzna;Nie;Nie;"Mieszkam z rodzicami";"Mieszkam z rodzicami";Tak;Tak;;1;1;1;1;1;;1;1;1;1;1;;3;1;1;3;3;;2;2;;2;"2025-10-30 11:37:31"
;;Tak;Tak;Innej;Innej;"Kierunki przyrodnicze";"Kierunki przyrodnicze";22;22;"Studia licencjackie";"Studia licencjackie";3;3;Mê¿czyzna;Mê¿czyzna;Nie;Nie;"Mieszkam z rodzicami";"Mieszkam z rodzicami";Tak;Tak;;2;2;4;0;3;;2;1;0;0;1;;4;4;4;0;0;;0;4;;4;"2025-11-01 00:07:06"
;;Tak;Tak;"Technicznej –Politechnika.";"Technicznej –Politechnika.";Informatyczny/Elektroniczny;Informatyczny/Elektroniczny;21;21;"Studia in¿ynierskie";"Studia in¿ynierskie";1;1;Mê¿czyzna;Mê¿czyzna;"Mniej ni¿ 20h tygodniowo";"Mniej ni¿ 20h tygodniowo";"Mieszkam z rodzicami";"Mieszkam z rodzicami";Tak;Tak;;2;5;5;3;5;;1;0;0;0;0;;3;5;5;4;4;;1;2;;4;"2025-11-01 01:28:23"
;;Tak;Tak;"Technicznej –Politechnika.";"Technicznej –Politechnika.";Inne;Inne;25;25;"Studia magisterskie";"Studia magisterskie";1;1;Mê¿czyzna;Mê¿czyzna;"Mniej ni¿ 20h tygodniowo";"Mniej ni¿ 20h tygodniowo";"Mieszkam sam/a ze wsparciem rodziców";"Mieszkam sam/a ze wsparciem rodziców";Nie;Nie;;1;3;2;4;1;;1;2;4;5;3;;2;4;3;3;4;;2;3;;4;"2025-11-02 08:12:27"
;;Tak;Tak;"Humanistycznej – Uniwersytet";"Humanistycznej – Uniwersytet";"Kierunki humanistyczne";"Kierunki humanistyczne";19;19;"Studia magisterskie";"Studia magisterskie";1;1;Mê¿czyzna;Mê¿czyzna;Nie;Nie;"Mieszkam z rodzicami";"Mieszkam z rodzicami";Tak;Tak;;5;2;4;5;5;;5;2;0;5;1;;5;5;5;1;1;;1;5;;5;"2025-11-02 12:03:36"
